rst,area_ha,fsID,pub_priv,HYBRID,BAU,WOOD,BIO
2_1,6.772,5,1,3,2,3,2
2_1,8.040,6,1,3,2,3,2
2_1,1.754,10,0,3,2,3,2
2_1,6.190,20,1,3,2,3,2
2_1,8.591,23,1,3,2,3,2
2_1,4.362,28,1,3,2,3,2
2_2,6.043,39,1,3,2,3,2
4_1,8.337,61,1,3,2,3,2
4_1,2.583,109,1,3,2,3,2
4_1,2.848,121,1,3,2,3,2
4_1,4.499,123,1,3,2,3,2
4_1,2.775,152,1,3,2,3,2
4_1,4.628,159,1,3,2,3,2
4_1,5.772,176,1,3,2,3,2
4_1,1.752,177,1,3,2,3,2
4_1,4.991,186,1,3,2,3,2
4_1,3.723,188,1,3,2,3,2
4_1,1.488,195,1,3,2,3,2
4_1,9.612,200,1,3,2,3,2
4_1,5.667,206,1,3,2,3,2
4_1,1.430,207,0,3,2,3,2
4_1,4.570,210,1,3,2,3,2
4_1,9.487,220,1,3,2,3,2
4_1,5.702,223,1,3,2,3,2
4_1,2.883,233,1,3,2,3,2
4_1,2.330,239,1,3,2,3,2
4_1,4.201,267,1,3,2,3,2
4_1,7.259,275,1,3,2,3,2
4_1,4.732,278,0,3,2,3,2
4_1,4.355,297,1,3,2,3,2
4_1,6.488,305,1,3,2,3,2
4_1,5.460,313,1,3,2,3,2
4_1,9.021,315,1,3,2,3,2
4_1,3.695,317,1,3,2,3,2
4_1,2.801,333,1,3,2,3,2
4_1,4.606,349,1,3,2,3,2
4_1,2.642,367,1,3,2,3,2
4_1,5.566,374,1,3,2,3,2
4_1,8.324,375,1,3,2,3,2
4_2,6.869,380,1,3,2,3,2
4_2,3.403,383,1,3,2,3,2
4_2,7.696,392,1,3,2,3,2
4_2,4.925,393,1,3,2,3,2
4_2,2.898,416,1,3,2,3,2
4_2,4.073,425,1,3,2,3,2
4_2,4.944,446,1,3,2,3,2
4_2,4.191,452,1,3,2,3,2
4_2,1.502,460,1,3,2,3,2
4_2,5.624,470,1,3,2,3,2
4_2,5.594,478,1,3,2,3,2
4_2,3.358,487,1,3,2,3,2
4_2,4.279,489,1,3,2,3,2
4_3,3.244,495,1,3,2,3,2
4_3,9.631,504,1,3,2,3,2
4_3,11.026,509,1,3,2,3,2
5_1,6.969,545,1,3,2,3,2
5_1,5.773,569,1,3,2,3,2
5_1,15.571,571,1,3,2,3,2
5_1,5.970,588,1,3,2,3,2
5_1,0.905,595,1,3,2,3,2
5_1,1.421,602,1,3,2,3,2
5_1,8.910,608,1,3,2,3,2
5_1,3.271,614,1,3,2,3,2
5_1,3.814,615,1,3,2,3,2
5_1,12.060,616,1,3,2,3,2
5_1,5.375,621,1,3,2,3,2
5_1,4.148,630,1,3,2,3,2
5_1,2.288,635,1,3,2,3,2
5_1,2.698,636,1,3,2,3,2
5_1,5.539,645,1,3,2,3,2
5_1,6.282,648,1,3,2,3,2
5_1,7.695,670,0,3,2,3,2
5_1,5.920,684,1,3,2,3,2
5_1,10.226,685,1,3,2,3,2
5_1,8.753,690,1,3,2,3,2
5_1,5.194,697,1,3,2,3,2
5_2,6.955,718,1,3,2,3,2
5_2,1.853,729,1,3,2,3,2
5_2,0.765,742,1,3,2,3,2
5_2,2.063,750,1,3,2,3,2
5_2,3.948,752,1,3,2,3,2
5_2,3.006,753,1,3,2,3,2
5_2,4.474,755,1,3,2,3,2
5_2,11.258,761,1,3,2,3,2
5_2,9.573,768,1,3,2,3,2
5_2,1.906,776,1,3,2,3,2
5_2,2.791,791,1,3,2,3,2
5_2,2.154,803,1,3,2,3,2
5_2,1.920,869,1,3,2,3,2
5_2,2.418,872,1,3,2,3,2
5_3,5.534,918,1,3,2,3,2
5_3,8.418,934,1,3,2,3,2
5_3,14.740,960,1,3,2,3,2
5_3,18.142,962,1,3,2,3,2
5_3,8.244,966,1,3,2,3,2
5_3,10.483,969,1,3,2,3,2
4_1,4.580,990,1,3,2,3,2
4_1,4.539,992,1,3,2,3,2
4_1,4.660,993,1,3,2,3,2
4_1,4.845,1009,1,3,2,3,2
4_1,4.940,1019,1,3,2,3,2
4_3,4.485,1031,1,3,2,3,2
5_1,4.628,1044,1,3,2,3,2
5_3,8.622,1079,1,3,2,3,2
2_1,3.608,1089,1,3,2,3,2
2_2,5.470,1093,1,3,2,3,2
4_1,2.827,1097,1,3,2,3,2
4_1,3.679,1111,1,3,2,3,2
4_1,6.878,1114,1,3,2,3,2
4_1,13.347,1130,1,3,2,3,2
4_1,7.330,1139,1,3,2,3,2
4_1,13.027,1146,1,3,2,3,2
4_1,7.906,1147,1,3,2,3,2
4_1,13.300,1149,1,3,2,3,2
4_1,14.899,1158,1,3,2,3,2
4_1,9.627,1167,1,3,2,3,2
4_1,8.517,1191,1,3,2,3,2
4_1,3.069,1200,0,3,2,3,2
4_1,12.356,1213,1,3,2,3,2
4_1,13.068,1230,1,3,2,3,2
4_1,6.703,1231,1,3,2,3,2
4_1,5.207,1233,1,3,2,3,2
4_2,6.294,1251,1,3,2,3,2
4_2,8.221,1268,1,3,2,3,2
4_2,5.193,1276,1,3,2,3,2
4_2,6.574,1279,1,3,2,3,2
4_2,5.977,1283,1,3,2,3,2
4_2,7.491,1284,1,3,2,3,2
4_3,8.259,1305,1,3,2,3,2
4_3,2.816,1306,1,3,2,3,2
5_1,8.093,1316,1,3,2,3,2
5_1,8.677,1327,1,3,2,3,2
5_1,11.189,1339,1,3,2,3,2
5_1,6.443,1344,1,3,2,3,2
5_1,9.375,1373,1,3,2,3,2
5_1,9.322,1374,1,3,2,3,2
5_1,12.025,1383,1,3,2,3,2
5_1,10.116,1387,1,3,2,3,2
5_1,9.151,1388,1,3,2,3,2
5_1,8.705,1392,1,3,2,3,2
5_1,12.399,1407,1,3,2,3,2
5_2,4.865,1420,1,3,2,3,2
5_2,14.582,1428,1,3,2,3,2
5_2,10.634,1432,1,3,2,3,2
5_2,6.507,1444,1,3,2,3,2
5_2,4.269,1448,1,3,2,3,2
5_2,13.748,1449,1,3,2,3,2
5_2,7.331,1456,1,3,2,3,2
5_2,11.192,1465,1,3,2,3,2
5_2,9.474,1468,1,3,2,3,2
5_2,8.816,1474,1,3,2,3,2
5_2,11.741,1476,1,3,2,3,2
5_2,5.305,1486,1,3,2,3,2
5_3,11.653,1505,1,3,2,3,2
5_3,14.410,1507,1,3,2,3,2
2_1,21.279,1523,1,3,2,3,2
2_1,7.715,1530,1,3,2,3,2
4_1,5.257,1545,1,3,2,3,2
4_1,13.868,1546,1,3,2,3,2
4_1,7.893,1555,1,3,2,3,2
4_1,5.045,1565,1,3,2,3,2
4_1,5.824,1569,1,3,2,3,2
4_1,5.322,1581,1,3,2,3,2
4_1,6.218,1582,1,3,2,3,2
4_1,7.228,1585,0,3,2,3,2
4_1,17.153,1590,1,3,2,3,2
4_1,16.544,1594,1,3,2,3,2
4_1,5.203,1615,1,3,2,3,2
4_1,9.155,1623,1,3,2,3,2
4_1,11.615,1629,1,3,2,3,2
4_1,5.524,1634,1,3,2,3,2
4_1,7.664,1635,1,3,2,3,2
4_1,6.393,1650,1,3,2,3,2
4_1,5.590,1654,1,3,2,3,2
4_1,8.095,1663,1,3,2,3,2
4_3,7.590,1703,1,3,2,3,2
4_3,9.276,1705,1,3,2,3,2
4_3,5.477,1709,1,3,2,3,2
5_1,7.934,1730,1,3,2,3,2
5_1,5.050,1747,1,3,2,3,2
5_1,6.832,1748,1,3,2,3,2
5_1,7.402,1755,1,3,2,3,2
5_1,9.088,1758,1,3,2,3,2
5_1,6.025,1768,1,3,2,3,2
5_1,5.788,1776,1,3,2,3,2
5_1,8.434,1778,1,3,2,3,2
5_3,5.248,1800,1,3,2,3,2
5_3,6.993,1813,1,3,2,3,2
5_3,5.478,1824,1,3,2,3,2
5_3,5.129,1854,1,3,2,3,2
5_3,17.653,1857,1,3,2,3,2
5_3,5.424,1864,1,3,2,3,2
5_3,13.554,1868,1,3,2,3,2
5_3,5.868,1869,1,3,2,3,2
5_3,13.524,1870,1,3,2,3,2
5_3,7.239,1872,1,3,2,3,2
2_1,0.463,2001,1,3,2,3,2
2_1,2.088,2007,1,3,2,3,2
2_2,0.905,2008,1,3,2,3,2
4_1,1.315,2022,0,3,2,3,2
4_1,3.934,2024,1,3,2,3,2
4_1,0.803,2027,0,3,2,3,2
4_1,0.960,2031,1,3,2,3,2
4_1,4.100,2044,1,3,2,3,2
4_2,0.891,2085,1,3,2,3,2
4_2,0.164,2089,0,3,2,3,2
4_3,0.264,2115,0,3,2,3,2
4_3,0.485,2123,0,3,2,3,2
5_1,1.213,2147,1,3,2,3,2
5_1,1.901,2148,1,3,2,3,2
5_1,1.388,2174,1,3,2,3,2
5_2,2.036,2205,1,3,2,3,2
5_2,2.579,2208,1,3,2,3,2
5_2,0.750,2209,0,3,2,3,2
5_3,1.658,2214,1,3,2,3,2
5_3,3.397,2220,1,3,2,3,2
5_3,4.720,2235,1,3,2,3,2
2_2,6.763,2258,1,3,2,3,2
2_2,5.940,2264,1,3,2,3,2
4_1,2.835,2267,1,3,2,3,2
4_1,0.293,2268,0,3,2,3,2
4_1,2.626,2274,1,3,2,3,2
4_1,6.213,2282,1,3,2,3,2
4_1,2.270,2314,1,3,2,3,2
4_1,6.103,2317,1,3,2,3,2
4_1,2.464,2319,0,3,2,3,2
4_1,1.986,2328,0,3,2,3,2
4_1,2.806,2331,1,3,2,3,2
4_1,1.662,2333,1,3,2,3,2
4_1,0.500,2356,1,3,2,3,2
4_1,2.001,2359,1,3,2,3,2
4_2,3.219,2390,1,3,2,3,2
4_2,0.718,2403,1,3,2,3,2
4_2,5.262,2411,0,3,2,3,2
4_2,0.094,2415,1,3,2,3,2
4_2,2.235,2420,1,3,2,3,2
4_2,2.176,2423,1,3,2,3,2
4_2,4.268,2441,1,3,2,3,2
4_2,0.128,2443,1,3,2,3,2
4_2,0.191,2447,0,3,2,3,2
4_2,1.396,2459,1,3,2,3,2
4_2,0.097,2470,0,3,2,3,2
4_2,2.113,2491,1,3,2,3,2
4_2,7.180,2495,1,3,2,3,2
4_2,1.095,2504,0,3,2,3,2
4_2,1.086,2531,1,3,2,3,2
4_2,1.997,2534,1,3,2,3,2
4_3,0.753,2547,1,3,2,3,2
4_3,1.246,2554,1,3,2,3,2
5_1,0.737,2575,1,3,2,3,2
5_1,4.111,2576,1,3,2,3,2
5_1,4.962,2584,1,3,2,3,2
5_1,3.719,2585,1,3,2,3,2
5_1,11.103,2589,1,3,2,3,2
5_1,5.881,2593,1,3,2,3,2
5_1,3.387,2595,0,3,2,3,2
5_1,6.435,2599,1,3,2,3,2
5_1,3.897,2605,1,3,2,3,2
5_1,4.196,2607,1,3,2,3,2
5_1,3.590,2608,1,3,2,3,2
5_1,4.804,2612,1,3,2,3,2
5_1,3.784,2614,1,3,2,3,2
5_2,1.101,2644,1,3,2,3,2
5_2,3.576,2718,1,3,2,3,2
5_2,1.734,2724,1,3,2,3,2
5_2,2.125,2726,0,3,2,3,2
5_2,3.777,2735,1,3,2,3,2
5_2,5.769,2741,1,3,2,3,2
5_2,0.439,2750,1,3,2,3,2
5_2,1.604,2754,1,3,2,3,2
5_2,5.382,2775,1,3,2,3,2
5_2,1.233,2780,0,3,2,3,2
5_3,2.093,2792,1,3,2,3,2
5_3,5.976,2798,1,3,2,3,2
5_3,4.985,2804,1,3,2,3,2
4_1,5.124,2809,0,3,2,3,2
5_1,5.223,2813,1,3,2,3,2
2_2,11.201,1091,1,2,2,2,2
2_1,5.935,1088,1,2,2,2,2
2_2,5.454,1094,1,2,2,2,2
2_2,2.200,1092,1,2,2,2,2
2_1,8.383,1085,1,2,2,2,2
2_1,13.700,1084,1,2,2,2,2
2_1,10.627,1087,1,2,2,2,2
2_1,12.717,1086,1,2,2,2,2
5_1,4.340,1056,1,2,2,2,2
5_1,4.255,1054,0,2,2,2,2
5_2,4.544,1058,1,2,2,2,2
5_1,4.152,1057,0,2,2,2,2
5_1,4.803,1050,1,2,2,2,2
5_1,4.502,1049,1,2,2,2,2
5_1,4.494,1052,1,2,2,2,2
5_1,4.176,1051,1,2,2,2,2
5_3,8.709,1067,1,2,2,2,2
5_3,8.506,1066,1,2,2,2,2
5_3,4.549,1070,1,2,2,2,2
5_3,4.366,1069,0,2,2,2,1
5_3,4.967,1063,1,2,2,2,2
5_2,4.357,1060,1,2,2,2,2
5_3,4.642,1065,1,2,2,2,2
5_3,13.427,1064,1,2,2,2,1
4_3,4.733,1033,1,2,2,2,1
4_3,8.393,1032,0,2,2,2,1
5_1,4.350,1037,1,2,2,2,2
5_1,4.360,1036,1,2,2,2,2
4_2,4.075,1024,1,2,2,2,2
4_2,4.201,1023,1,2,2,2,2
4_3,4.712,1029,1,2,2,2,2
4_3,4.478,1028,1,2,2,2,2
5_1,4.344,1046,1,2,2,2,2
5_1,4.999,1043,1,2,2,2,1
5_1,4.439,1048,1,2,2,2,2
5_1,4.336,1047,0,2,2,2,2
5_1,4.265,1039,1,2,2,2,2
5_1,4.152,1038,1,2,2,2,2
5_1,4.226,1041,1,2,2,2,2
5_1,4.779,1040,1,2,2,2,2
4_1,4.799,1004,1,2,2,2,2
4_1,4.725,1001,1,2,2,2,2
4_1,4.100,1008,1,2,2,2,2
4_1,4.720,1005,1,2,2,2,1
4_1,4.165,998,1,2,2,2,2
4_1,4.160,996,1,2,2,2,2
4_1,4.990,1000,1,2,2,2,2
4_1,4.718,999,1,2,2,2,2
4_1,4.857,1020,1,2,2,2,2
4_1,4.564,1017,1,2,2,2,2
4_2,4.698,1022,1,2,2,2,2
4_1,4.300,1021,1,2,2,2,2
4_1,4.475,1012,1,2,2,2,2
4_1,4.562,1010,1,2,2,2,2
4_1,4.945,1016,1,2,2,2,1
4_1,4.288,1015,1,2,2,2,1
5_3,10.954,973,1,2,2,2,2
5_3,7.637,972,1,2,2,2,2
2_1,4.862,976,1,2,2,2,2
5_3,10.884,974,1,2,2,2,2
5_3,5.082,965,1,2,2,2,2
5_3,5.170,963,1,2,2,2,2
5_3,6.321,968,1,2,2,2,2
5_3,9.477,967,1,2,2,2,2
4_1,4.515,991,1,2,2,2,2
4_1,4.340,984,1,2,2,2,2
4_1,4.175,995,1,2,2,2,2
4_1,4.318,994,0,2,2,2,2
2_1,4.690,979,1,2,2,2,2
2_1,4.837,978,1,2,2,2,2
4_1,4.685,982,1,2,2,2,2
4_1,4.144,981,1,2,2,2,2
5_3,5.482,937,1,2,2,2,2
5_3,9.725,936,1,2,2,2,2
5_3,21.000,942,1,2,2,2,1
5_3,10.265,941,1,2,2,2,2
5_3,18.545,931,1,2,2,2,2
5_3,16.667,930,1,2,2,2,2
5_3,5.413,935,1,2,2,2,2
5_3,8.047,933,1,2,2,2,2
5_3,5.874,957,1,2,2,2,2
5_3,6.224,956,1,2,2,2,1
5_3,11.344,959,1,2,2,2,2
5_3,4.717,958,1,2,2,2,2
5_3,8.069,944,1,2,2,2,1
5_3,10.592,943,1,2,2,2,1
5_3,12.548,952,1,2,2,2,2
5_3,5.918,945,1,2,2,2,1
5_3,8.704,913,1,2,2,2,1
5_3,4.726,911,1,2,2,2,2
5_3,13.051,917,1,2,2,2,2
5_3,10.497,915,1,2,2,2,2
5_3,6.518,906,1,2,2,2,2
5_3,7.062,904,1,2,2,2,2
5_3,8.806,910,1,2,2,2,2
5_3,3.491,907,1,2,2,2,2
5_3,8.173,926,1,2,2,2,2
5_3,6.184,924,0,2,2,2,2
5_3,7.237,928,1,2,2,2,2
5_3,5.494,927,1,2,2,2,2
5_3,11.377,920,1,2,2,2,2
5_3,8.411,919,1,2,2,2,2
5_3,8.013,922,1,2,2,2,2
5_3,15.440,921,1,2,2,2,2
5_3,2.813,891,1,2,2,2,2
5_3,6.329,890,0,2,2,2,2
5_3,15.389,894,1,2,2,2,1
5_3,3.849,892,1,2,2,2,2
5_2,4.478,886,1,2,2,2,2
5_2,2.976,885,1,2,2,2,2
5_2,6.092,889,1,2,2,2,2
5_2,2.213,888,1,2,2,2,2
5_3,7.017,901,1,2,2,2,2
5_3,7.164,900,1,2,2,2,2
5_3,8.112,903,1,2,2,2,2
5_3,3.698,902,1,2,2,2,2
5_3,12.933,896,1,2,2,2,2
5_3,17.031,895,1,2,2,2,2
5_3,13.618,899,1,2,2,2,1
5_3,24.533,897,1,2,2,2,2
5_2,8.580,871,1,2,2,2,2
5_2,3.117,870,1,2,2,2,2
5_2,3.934,875,1,2,2,2,2
5_2,2.059,873,1,2,2,2,2
5_2,3.370,866,1,2,2,2,2
5_2,4.297,865,1,2,2,2,2
5_2,3.710,868,1,2,2,2,2
5_2,1.444,867,0,2,2,2,2
5_2,2.870,882,1,2,2,2,2
5_2,2.633,881,1,2,2,2,2
5_2,7.959,884,1,2,2,2,2
5_2,3.053,883,1,2,2,2,2
5_2,6.341,877,1,2,2,2,2
5_2,3.902,876,1,2,2,2,2
5_2,3.827,880,1,2,2,2,2
5_2,8.319,878,1,2,2,2,2
5_1,2.598,2602,1,2,2,2,2
5_1,3.187,2601,1,2,2,2,2
5_1,1.671,2604,1,2,2,2,2
5_1,2.281,2603,1,2,2,2,2
5_1,3.601,2594,0,2,2,2,2
5_1,3.394,2592,0,2,2,2,2
5_1,0.167,2597,0,2,2,2,2
5_1,0.702,2596,1,2,2,2,2
5_1,0.225,2615,0,2,2,2,2
5_1,0.821,2613,1,2,2,2,2
5_1,6.222,2617,1,2,2,2,2
5_1,2.551,2616,1,2,2,2,2
5_1,1.460,2609,1,2,2,2,1
5_1,2.890,2606,1,2,2,2,1
5_1,0.423,2611,1,2,2,2,2
5_1,4.412,2610,1,2,2,2,2
5_1,1.484,2577,0,2,2,2,2
5_1,4.159,2574,0,2,2,2,2
5_1,0.993,2579,0,2,2,2,2
5_1,1.646,2578,1,2,2,2,1
5_1,8.935,2569,1,2,2,2,2
5_1,0.717,2568,1,2,2,2,2
5_1,2.771,2572,1,2,2,2,2
5_1,7.784,2571,0,2,2,2,2
5_1,2.279,2588,1,2,2,2,2
5_1,5.924,2587,1,2,2,2,2
5_1,6.895,2591,1,2,2,2,2
5_1,0.560,2590,1,2,2,2,2
5_1,0.242,2582,1,2,2,2,2
5_1,4.319,2580,1,2,2,2,1
5_1,0.589,2586,1,2,2,2,2
5_1,0.657,2583,1,2,2,2,2
4_3,4.196,2555,1,2,2,2,2
4_3,0.444,2553,1,2,2,2,2
4_3,2.283,2557,1,2,2,2,2
4_3,2.565,2556,1,2,2,2,2
4_3,0.765,2550,1,2,2,2,2
4_3,0.569,2549,1,2,2,2,2
4_3,4.875,2552,1,2,2,2,2
4_3,1.168,2551,1,2,2,2,2
5_1,2.663,2565,1,2,2,2,2
5_1,0.587,2563,1,2,2,2,1
5_1,0.150,2567,1,2,2,2,2
5_1,0.357,2566,0,2,2,2,2
5_1,4.428,2560,0,2,2,2,2
4_3,0.250,2558,0,2,2,2,2
5_1,1.290,2562,1,2,2,2,2
5_1,0.688,2561,0,2,2,2,2
4_2,1.211,2529,0,2,2,2,2
4_2,0.841,2528,1,2,2,2,2
4_2,3.240,2535,1,2,2,2,2
4_2,1.396,2532,1,2,2,2,2
4_2,0.047,2523,0,2,2,2,2
4_2,1.467,2521,1,2,2,2,2
4_2,7.286,2526,1,2,2,2,1
4_2,3.667,2525,1,2,2,2,2
4_3,2.940,2543,1,2,2,2,2
4_2,1.205,2541,1,2,2,2,2
4_3,5.938,2548,1,2,2,2,2
4_3,2.083,2546,1,2,2,2,2
4_2,0.671,2538,1,2,2,2,2
4_2,1.240,2537,1,2,2,2,2
4_2,1.544,2540,1,2,2,2,2
4_2,0.650,2539,1,2,2,2,2
4_2,2.101,2509,1,2,2,2,2
4_2,2.458,2508,1,2,2,2,2
4_2,3.254,2511,1,2,2,2,2
4_2,3.551,2510,1,2,2,2,2
4_2,2.274,2505,1,2,2,2,2
4_2,9.809,2502,1,2,2,2,2
4_2,0.995,2507,1,2,2,2,2
4_2,0.294,2506,0,2,2,2,2
4_2,3.825,2517,1,2,2,2,2
4_2,3.020,2516,1,2,2,2,2
4_2,0.849,2520,1,2,2,2,2
4_2,3.297,2518,1,2,2,2,2
4_2,2.425,2513,1,2,2,2,2
4_2,3.934,2512,1,2,2,2,2
4_2,2.279,2515,1,2,2,2,2
4_2,0.245,2514,1,2,2,2,2
4_2,1.519,2484,1,2,2,2,1
4_2,3.121,2482,1,2,2,2,2
4_2,1.312,2487,1,2,2,2,2
4_2,2.428,2485,1,2,2,2,2
4_2,6.034,2478,1,2,2,2,2
4_2,3.145,2477,1,2,2,2,2
4_2,0.893,2481,1,2,2,2,2
4_2,5.983,2480,1,2,2,2,2
4_2,4.534,2497,1,2,2,2,2
4_2,1.233,2496,1,2,2,2,2
4_2,2.089,2501,1,2,2,2,2
4_2,1.353,2500,1,2,2,2,2
4_2,1.348,2489,1,2,2,2,2
4_2,2.447,2488,1,2,2,2,2
4_2,4.101,2493,1,2,2,2,2
4_2,0.066,2490,0,2,2,2,2
4_2,2.455,2463,1,2,2,2,2
4_2,0.326,2462,1,2,2,2,2
4_2,0.114,2465,1,2,2,2,1
4_2,1.465,2464,1,2,2,2,1
4_2,2.011,2458,1,2,2,2,2
4_2,1.119,2456,1,2,2,2,2
4_2,0.606,2461,1,2,2,2,2
4_2,0.967,2460,1,2,2,2,2
4_2,1.759,2473,1,2,2,2,2
4_2,3.580,2472,1,2,2,2,2
4_2,2.868,2476,1,2,2,2,2
4_2,0.719,2474,1,2,2,2,2
4_2,1.055,2468,1,2,2,2,2
4_2,0.978,2466,1,2,2,2,2
4_2,0.180,2471,0,2,2,2,2
4_2,3.403,2469,1,2,2,2,2
4_2,4.669,2439,1,2,2,2,2
4_2,1.551,2438,1,2,2,2,2
4_2,4.088,2444,1,2,2,2,2
4_2,1.290,2440,1,2,2,2,2
4_2,0.691,2432,1,2,2,2,2
4_2,2.656,2431,1,2,2,2,2
4_2,1.641,2437,1,2,2,2,2
4_2,1.533,2435,1,2,2,2,2
4_2,1.171,2453,1,2,2,2,2
4_2,1.187,2452,1,2,2,2,2
4_2,0.381,2455,1,2,2,2,2
4_2,2.890,2454,1,2,2,2,1
4_2,4.602,2446,1,2,2,2,2
4_2,0.354,2445,1,2,2,2,2
4_2,1.926,2450,1,2,2,2,2
4_2,0.793,2449,1,2,2,2,2
4_2,2.990,2413,1,2,2,2,2
4_2,1.501,2412,1,2,2,2,2
4_2,1.734,2417,1,2,2,2,2
4_2,1.871,2416,1,2,2,2,2
4_2,0.321,2407,1,2,2,2,2
4_2,2.777,2406,1,2,2,2,2
4_2,2.362,2409,1,2,2,2,2
4_2,2.257,2408,0,2,2,2,2
4_2,2.827,2425,1,2,2,2,2
4_2,1.377,2424,1,2,2,2,2
4_2,0.556,2428,1,2,2,2,2
4_2,1.151,2427,1,2,2,2,2
4_2,5.006,2419,1,2,2,2,2
4_2,1.086,2418,1,2,2,2,2
4_2,0.221,2422,1,2,2,2,2
4_2,0.589,2421,1,2,2,2,2
4_2,0.840,2392,1,2,2,2,2
4_2,1.637,2389,1,2,2,2,2
4_2,1.458,2394,1,2,2,2,2
4_2,3.167,2393,0,2,2,2,2
4_2,0.672,2384,1,2,2,2,2
4_2,1.879,2383,1,2,2,2,2
4_2,0.089,2388,0,2,2,2,2
4_2,5.228,2387,1,2,2,2,2
4_2,1.666,2401,1,2,2,2,2
4_2,2.856,2400,1,2,2,2,2
4_2,0.512,2404,1,2,2,2,2
4_2,6.155,2402,1,2,2,2,2
4_2,1.038,2396,1,2,2,2,2
4_2,1.891,2395,1,2,2,2,2
4_2,0.576,2398,0,2,2,2,2
4_2,2.832,2397,1,2,2,2,2
4_1,2.214,2366,1,2,2,2,2
4_1,8.383,2365,1,2,2,2,1
4_1,3.939,2368,1,2,2,2,2
4_1,3.431,2367,1,2,2,2,2
4_1,2.730,2362,1,2,2,2,2
4_1,4.340,2361,1,2,2,2,2
4_1,2.784,2364,1,2,2,2,2
4_1,4.998,2363,1,2,2,2,2
4_2,0.799,2377,1,2,2,2,2
4_2,1.078,2376,1,2,2,2,2
4_2,1.127,2382,1,2,2,2,2
4_2,2.014,2381,1,2,2,2,2
4_1,1.470,2371,1,2,2,2,2
4_1,3.817,2369,0,2,2,2,2
4_2,4.499,2375,1,2,2,2,2
4_1,3.162,2372,1,2,2,2,2
4_1,3.001,2342,1,2,2,2,2
4_1,3.883,2341,0,2,2,2,2
4_1,0.749,2345,1,2,2,2,2
4_1,0.942,2344,1,2,2,2,2
4_1,1.713,2336,1,2,2,2,2
4_1,1.708,2335,1,2,2,2,2
4_1,2.950,2340,1,2,2,2,2
4_1,0.887,2338,1,2,2,2,2
4_1,4.674,2354,1,2,2,2,2
4_1,3.854,2353,1,2,2,2,1
4_1,5.712,2360,1,2,2,2,2
4_1,0.199,2358,0,2,2,2,2
4_1,1.573,2349,1,2,2,2,2
4_1,1.104,2348,1,2,2,2,2
4_1,2.201,2352,1,2,2,2,2
4_1,0.247,2351,1,2,2,2,2
4_1,1.646,2318,1,2,2,2,2
4_1,4.315,2316,1,2,2,2,2
4_1,2.789,2321,1,2,2,2,2
4_1,2.644,2320,1,2,2,2,2
4_1,0.347,2312,0,2,2,2,2
4_1,3.604,2311,1,2,2,2,2
4_1,0.136,2315,1,2,2,2,2
4_1,3.663,2313,1,2,2,2,2
4_1,2.569,2327,1,2,2,2,2
4_1,1.415,2326,1,2,2,2,2
4_1,3.417,2330,1,2,2,2,2
4_1,9.980,2329,1,2,2,2,1
4_1,4.881,2323,0,2,2,2,2
4_1,0.533,2322,1,2,2,2,2
4_1,2.793,2325,1,2,2,2,2
4_1,3.324,2324,1,2,2,2,2
4_1,8.527,2296,1,2,2,2,2
4_1,3.882,2294,1,2,2,2,2
4_1,4.849,2298,1,2,2,2,2
4_1,3.216,2297,1,2,2,2,2
4_1,0.877,2289,0,2,2,2,2
4_1,0.920,2288,1,2,2,2,2
4_1,0.334,2293,1,2,2,2,2
4_1,5.130,2290,1,2,2,2,2
4_1,1.508,2308,0,2,2,2,2
4_1,5.391,2305,1,2,2,2,2
4_1,0.542,2310,0,2,2,2,2
4_1,0.481,2309,0,2,2,2,2
4_1,2.145,2300,1,2,2,2,2
4_1,5.359,2299,1,2,2,2,2
4_1,0.305,2303,1,2,2,2,2
4_1,0.775,2301,0,2,2,2,2
4_1,3.369,2271,1,2,2,2,2
4_1,4.893,2270,1,2,2,2,2
4_1,1.170,2275,1,2,2,2,2
4_1,0.692,2273,0,2,2,2,2
2_2,0.045,2263,1,2,2,2,2
2_2,6.061,2262,1,2,2,2,2
4_1,3.986,2269,1,2,2,2,2
4_1,5.140,2266,1,2,2,2,2
4_1,0.127,2284,1,2,2,2,2
4_1,2.096,2283,1,2,2,2,2
4_1,3.843,2287,1,2,2,2,2
4_1,4.071,2286,1,2,2,2,2
4_1,0.116,2277,0,2,2,2,2
4_1,1.580,2276,1,2,2,2,2
4_1,0.942,2279,1,2,2,2,2
4_1,2.333,2278,1,2,2,2,2
2_1,0.439,2243,1,2,2,2,2
2_1,2.004,2242,1,2,2,2,2
2_2,1.360,2248,0,2,2,2,2
2_1,0.582,2245,1,2,2,2,2
2_1,1.772,2239,1,2,2,2,2
5_3,4.355,2236,1,2,2,2,2
2_1,4.306,2241,1,2,2,2,2
2_1,4.674,2240,0,2,2,2,2
2_2,2.119,2259,1,2,2,2,2
2_2,1.113,2256,1,2,2,2,2
2_2,1.655,2261,1,2,2,2,2
2_2,0.602,2260,1,2,2,2,2
2_2,4.297,2250,1,2,2,2,2
2_2,3.628,2249,1,2,2,2,2
2_2,1.353,2255,1,2,2,2,2
2_2,3.451,2252,1,2,2,2,2
5_3,0.495,2218,1,2,2,2,1
5_3,1.267,2213,1,2,2,2,2
5_3,2.032,2221,1,2,2,2,2
5_3,1.211,2219,1,2,2,2,2
5_2,1.883,2207,1,2,2,2,2
5_2,0.207,2204,1,2,2,2,2
5_3,1.920,2211,1,2,2,2,2
5_2,0.240,2210,0,2,2,2,2
4_3,4.339,2231,1,2,2,2,2
4_2,4.638,2229,1,2,2,2,2
5_1,4.906,2234,0,2,2,2,2
5_1,4.558,2232,1,2,2,2,2
5_3,2.298,2223,1,2,2,2,2
5_3,0.863,2222,1,2,2,2,2
5_3,1.028,2226,1,2,2,2,2
5_3,0.235,2225,1,2,2,2,2
5_2,1.429,2187,1,2,2,2,2
5_2,1.109,2186,1,2,2,2,2
5_2,1.537,2190,1,2,2,2,2
5_2,0.052,2188,1,2,2,2,1
5_1,1.710,2181,1,2,2,2,1
5_1,1.325,2180,0,2,2,2,2
5_2,1.111,2185,0,2,2,2,2
5_2,1.370,2184,1,2,2,2,2
5_2,0.137,2198,0,2,2,2,2
5_2,0.248,2197,1,2,2,2,2
5_2,1.747,2201,1,2,2,2,1
5_2,0.642,2200,1,2,2,2,2
5_2,0.560,2193,0,2,2,2,2
5_2,0.442,2191,0,2,2,2,2
5_2,0.742,2195,0,2,2,2,2
5_2,0.782,2194,1,2,2,2,2
5_1,1.075,2158,1,2,2,2,1
5_1,0.939,2157,1,2,2,2,2
5_1,0.302,2163,0,2,2,2,2
5_1,2.066,2161,1,2,2,2,1
5_1,0.093,2152,1,2,2,2,2
5_1,0.654,2151,0,2,2,2,2
5_1,1.364,2156,1,2,2,2,2
5_1,1.598,2153,1,2,2,2,1
5_1,2.058,2175,1,2,2,2,2
5_1,0.314,2173,0,2,2,2,2
5_1,2.608,2178,1,2,2,2,2
5_1,1.307,2177,1,2,2,2,2
5_1,1.363,2170,1,2,2,2,2
5_1,0.128,2165,0,2,2,2,2
5_1,0.596,2172,0,2,2,2,2
5_1,2.539,2171,1,2,2,2,2
5_1,1.279,2132,1,2,2,2,2
5_1,0.693,2130,0,2,2,2,2
5_1,1.015,2134,1,2,2,2,2
5_1,0.283,2133,1,2,2,2,2
5_1,0.676,2126,0,2,2,2,2
4_3,1.105,2124,0,2,2,2,2
5_1,1.398,2128,1,2,2,2,2
5_1,0.750,2127,1,2,2,2,2
5_1,0.689,2145,1,2,2,2,2
5_1,1.411,2144,1,2,2,2,2
5_1,0.068,2149,1,2,2,2,2
5_1,0.713,2146,1,2,2,2,2
5_1,0.748,2140,1,2,2,2,2
5_1,0.262,2139,1,2,2,2,2
5_1,0.616,2143,1,2,2,2,2
5_1,0.925,2141,1,2,2,2,2
4_2,0.628,2109,1,2,2,2,1
4_2,1.247,2108,1,2,2,2,2
4_3,3.332,2111,1,2,2,2,2
4_3,2.289,2110,0,2,2,2,2
4_2,0.916,2103,1,2,2,2,2
4_2,0.117,2101,0,2,2,2,2
4_2,0.240,2106,1,2,2,2,2
4_2,0.229,2104,1,2,2,2,2
4_3,1.247,2118,1,2,2,2,2
4_3,2.341,2117,1,2,2,2,2
4_3,0.345,2121,0,2,2,2,2
4_3,1.641,2119,1,2,2,2,2
4_3,0.819,2113,1,2,2,2,2
4_3,0.205,2112,1,2,2,2,2
4_3,0.575,2116,1,2,2,2,2
4_3,1.809,2114,1,2,2,2,2
4_2,1.080,2087,1,2,2,2,2
4_2,0.206,2086,0,2,2,2,2
4_2,0.254,2090,1,2,2,2,2
4_2,0.737,2088,0,2,2,2,2
4_1,1.572,2082,1,2,2,2,2
4_1,1.959,2081,1,2,2,2,2
4_1,0.327,2084,0,2,2,2,2
4_1,0.936,2083,1,2,2,2,2
4_2,0.102,2096,0,2,2,2,2
4_2,2.230,2095,1,2,2,2,2
4_2,0.082,2100,1,2,2,2,2
4_2,0.500,2098,1,2,2,2,2
4_2,0.285,2092,0,2,2,2,2
4_2,1.473,2091,1,2,2,2,2
4_2,0.267,2094,1,2,2,2,2
4_2,0.879,2093,0,2,2,2,2
4_1,0.846,2063,1,2,2,2,2
4_1,1.604,2059,1,2,2,2,1
4_1,2.987,2069,1,2,2,2,2
4_1,1.712,2065,1,2,2,2,2
4_1,1.285,2053,1,2,2,2,1
4_1,0.557,2052,1,2,2,2,2
4_1,0.663,2058,1,2,2,2,2
4_1,1.764,2054,0,2,2,2,1
4_1,2.359,2078,1,2,2,2,2
4_1,0.224,2077,1,2,2,2,2
4_1,0.122,2080,0,2,2,2,2
4_1,0.944,2079,0,2,2,2,2
4_1,2.637,2072,1,2,2,2,2
4_1,1.419,2071,0,2,2,2,2
4_1,1.997,2075,1,2,2,2,2
4_1,2.250,2073,1,2,2,2,2
4_1,1.563,2036,1,2,2,2,2
4_1,0.953,2035,1,2,2,2,2
4_1,3.252,2039,1,2,2,2,2
4_1,0.818,2037,0,2,2,2,2
4_1,0.164,2032,0,2,2,2,2
4_1,2.540,2030,1,2,2,2,2
4_1,0.191,2034,0,2,2,2,2
4_1,0.700,2033,0,2,2,2,2
4_1,0.315,2047,0,2,2,2,2
4_1,0.654,2046,1,2,2,2,2
4_1,0.983,2051,0,2,2,2,2
4_1,0.748,2048,1,2,2,2,2
4_1,0.510,2041,1,2,2,2,1
4_1,0.697,2040,1,2,2,2,1
4_1,1.284,2043,1,2,2,2,2
4_1,0.139,2042,0,2,2,2,2
2_2,0.761,2010,1,2,2,2,2
2_2,1.086,2009,1,2,2,2,2
4_1,0.830,2013,1,2,2,2,2
4_1,0.911,2011,1,2,2,2,2
2_1,1.577,2000,1,2,2,2,2
5_3,7.984,1871,1,2,2,2,2
2_1,1.277,2005,1,2,2,2,2
2_1,0.863,2002,0,2,2,2,2
4_1,1.906,2026,1,2,2,2,2
4_1,1.334,2023,1,2,2,2,2
4_1,1.203,2029,1,2,2,2,2
4_1,0.597,2028,0,2,2,2,2
4_1,0.028,2017,0,2,2,2,2
4_1,0.202,2016,0,2,2,2,2
4_1,0.922,2021,0,2,2,2,2
4_1,1.133,2018,1,2,2,2,2
5_3,8.852,1842,1,2,2,2,1
5_3,9.313,1841,1,2,2,2,1
5_3,5.060,1850,1,2,2,2,2
5_3,8.965,1848,1,2,2,2,1
5_3,10.430,1834,1,2,2,2,1
5_3,6.723,1832,1,2,2,2,2
5_3,8.257,1837,1,2,2,2,1
5_3,11.171,1835,1,2,2,2,1
5_3,5.785,1862,1,2,2,2,2
5_3,6.343,1860,1,2,2,2,2
5_3,7.751,1867,1,2,2,2,2
5_3,7.347,1865,1,2,2,2,2
5_3,7.718,1852,1,2,2,2,2
5_3,5.891,1851,1,2,2,2,2
5_3,9.837,1858,1,2,2,2,2
5_3,26.131,1856,1,2,2,2,2
5_3,6.463,1812,1,2,2,2,1
5_3,8.812,1811,1,2,2,2,2
5_3,8.394,1819,1,2,2,2,1
5_3,9.981,1817,1,2,2,2,1
5_3,16.528,1806,1,2,2,2,2
5_3,7.247,1805,1,2,2,2,2
5_3,5.228,1810,1,2,2,2,2
5_3,15.432,1809,1,2,2,2,2
5_3,9.209,1827,1,2,2,2,2
5_3,7.870,1825,1,2,2,2,2
5_3,5.946,1831,1,2,2,2,2
5_3,5.896,1830,1,2,2,2,2
5_3,8.381,1821,1,2,2,2,2
5_3,8.725,1820,1,2,2,2,2
5_3,7.665,1823,1,2,2,2,2
5_3,6.813,1822,1,2,2,2,2
5_2,6.495,1786,0,2,2,2,2
5_2,6.160,1785,1,2,2,2,2
5_2,5.478,1791,1,2,2,2,2
5_2,7.190,1788,1,2,2,2,1
5_1,8.301,1782,0,2,2,2,1
5_1,8.619,1780,1,2,2,2,2
5_2,7.041,1784,1,2,2,2,2
5_2,5.960,1783,1,2,2,2,2
5_3,6.215,1801,0,2,2,2,2
5_3,5.916,1799,1,2,2,2,2
5_3,6.421,1804,1,2,2,2,2
5_3,5.538,1803,1,2,2,2,2
5_3,5.232,1796,1,2,2,2,2
5_3,9.307,1793,1,2,2,2,2
5_3,5.249,1798,1,2,2,2,2
5_3,5.376,1797,1,2,2,2,2
5_1,6.760,1760,1,2,2,2,2
5_1,5.558,1759,1,2,2,2,2
5_1,5.915,1767,1,2,2,2,2
5_1,8.436,1761,1,2,2,2,2
5_1,23.463,1751,1,2,2,2,1
5_1,12.463,1749,1,2,2,2,2
5_1,6.219,1757,0,2,2,2,2
5_1,7.549,1754,1,2,2,2,2
5_1,7.881,1775,1,2,2,2,2
5_1,5.013,1774,1,2,2,2,2
5_1,5.996,1779,1,2,2,2,2
5_1,8.204,1777,1,2,2,2,2
5_1,9.917,1770,1,2,2,2,2
5_1,5.299,1769,1,2,2,2,2
5_1,7.483,1773,1,2,2,2,2
5_1,5.128,1772,1,2,2,2,2
5_1,5.395,1736,1,2,2,2,2
5_1,8.548,1734,1,2,2,2,2
5_1,9.493,1738,1,2,2,2,2
5_1,16.859,1737,1,2,2,2,2
5_1,7.135,1731,1,2,2,2,2
5_1,5.182,1729,1,2,2,2,2
5_1,5.404,1733,1,2,2,2,2
5_1,17.793,1732,1,2,2,2,2
5_1,7.478,1744,1,2,2,2,2
5_1,5.407,1743,1,2,2,2,2
5_1,6.722,1746,1,2,2,2,2
5_1,6.002,1745,1,2,2,2,2
5_1,10.274,1740,1,2,2,2,2
5_1,6.760,1739,1,2,2,2,2
5_1,10.386,1742,1,2,2,2,2
5_1,5.569,1741,1,2,2,2,2
4_3,9.535,1712,1,2,2,2,2
4_3,5.346,1710,1,2,2,2,2
4_3,16.600,1714,0,2,2,2,1
4_3,14.756,1713,1,2,2,2,2
4_3,9.116,1704,1,2,2,2,2
4_3,5.829,1702,1,2,2,2,2
4_3,5.005,1708,1,2,2,2,2
4_3,6.301,1707,1,2,2,2,2
4_3,5.427,1724,1,2,2,2,1
4_3,7.158,1723,1,2,2,2,1
5_1,11.965,1727,1,2,2,2,2
5_1,6.916,1726,1,2,2,2,2
4_3,10.459,1718,0,2,2,2,1
4_3,16.779,1716,1,2,2,2,1
4_3,8.278,1722,1,2,2,2,1
4_3,7.103,1719,0,2,2,2,1
4_1,5.997,1684,1,2,2,2,2
4_1,5.702,1683,1,2,2,2,2
4_1,6.236,1687,1,2,2,2,2
4_1,6.373,1685,1,2,2,2,2
4_1,17.203,1679,1,2,2,2,2
4_1,5.205,1678,1,2,2,2,2
4_1,18.084,1681,1,2,2,2,2
4_1,6.683,1680,1,2,2,2,2
4_3,13.297,1698,1,2,2,2,2
4_3,16.416,1697,0,2,2,2,2
4_3,6.634,1700,1,2,2,2,2
4_3,10.246,1699,1,2,2,2,2
4_2,7.678,1691,1,2,2,2,2
4_1,5.805,1689,1,2,2,2,2
4_2,8.868,1694,0,2,2,2,1
4_2,13.263,1693,1,2,2,2,1
5_3,1.533,2795,1,2,2,2,2
5_3,1.272,2794,0,2,2,2,1
5_3,0.313,2799,0,2,2,2,2
5_3,3.899,2797,1,2,2,2,2
5_3,0.580,2789,1,2,2,2,2
5_3,2.724,2787,1,2,2,2,2
5_3,2.940,2793,1,2,2,2,2
5_3,3.544,2790,1,2,2,2,1
4_1,5.208,2808,1,2,2,2,2
5_3,1.470,2807,0,2,2,2,2
4_1,5.223,2811,1,2,2,2,2
4_1,5.034,2810,1,2,2,2,2
5_3,2.734,2801,1,2,2,2,2
5_3,5.570,2800,1,2,2,2,2
5_3,2.051,2806,1,2,2,2,2
5_3,1.753,2803,1,2,2,2,2
5_2,1.331,2770,1,2,2,2,2
5_2,0.166,2769,0,2,2,2,2
5_2,0.487,2773,1,2,2,2,2
5_2,1.922,2771,1,2,2,2,2
5_2,1.027,2766,1,2,2,2,1
5_2,4.210,2763,1,2,2,2,2
5_2,0.145,2768,0,2,2,2,2
5_2,1.142,2767,1,2,2,2,2
5_3,1.213,2784,1,2,2,2,1
5_3,2.672,2782,1,2,2,2,2
5_3,0.574,2786,1,2,2,2,2
5_3,2.151,2785,1,2,2,2,2
5_2,2.623,2776,1,2,2,2,2
5_2,2.866,2774,1,2,2,2,2
5_2,3.754,2779,1,2,2,2,2
5_2,0.250,2777,0,2,2,2,2
5_2,1.127,2743,1,2,2,2,2
5_2,0.784,2742,1,2,2,2,2
5_2,2.542,2748,1,2,2,2,2
5_2,2.252,2745,1,2,2,2,2
5_2,2.140,2736,1,2,2,2,2
5_2,4.388,2733,1,2,2,2,2
5_2,0.240,2740,1,2,2,2,2
5_2,6.033,2739,1,2,2,2,1
5_2,2.151,2759,1,2,2,2,2
5_2,0.318,2757,1,2,2,2,2
5_2,1.744,2762,1,2,2,2,2
5_2,4.598,2760,1,2,2,2,2
5_2,2.691,2752,1,2,2,2,2
5_2,0.091,2751,0,2,2,2,2
5_2,0.770,2756,0,2,2,2,2
5_2,3.496,2753,1,2,2,2,2
5_2,2.301,2715,1,2,2,2,2
5_2,1.078,2714,1,2,2,2,2
5_2,1.424,2717,1,2,2,2,2
5_2,2.351,2716,1,2,2,2,2
5_2,1.095,2711,1,2,2,2,2
5_2,1.125,2709,1,2,2,2,2
5_2,0.515,2713,1,2,2,2,2
5_2,0.901,2712,1,2,2,2,2
5_2,5.506,2728,1,2,2,2,2
5_2,0.451,2727,1,2,2,2,2
5_2,2.653,2730,1,2,2,2,2
5_2,1.984,2729,1,2,2,2,2
5_2,3.017,2721,1,2,2,2,2
5_2,0.247,2720,0,2,2,2,2
5_2,1.506,2725,1,2,2,2,2
5_2,1.938,2722,1,2,2,2,2
5_2,5.403,2693,1,2,2,2,2
5_2,4.400,2691,1,2,2,2,2
5_2,4.106,2696,1,2,2,2,2
5_2,7.367,2695,1,2,2,2,2
5_2,0.781,2686,1,2,2,2,1
5_2,0.066,2684,0,2,2,2,2
5_2,0.501,2689,0,2,2,2,2
5_2,1.658,2688,1,2,2,2,2
5_2,1.405,2703,1,2,2,2,2
5_2,6.369,2702,1,2,2,2,2
5_2,2.199,2708,1,2,2,2,1
5_2,3.175,2704,1,2,2,2,2
5_2,2.180,2698,1,2,2,2,2
5_2,2.244,2697,1,2,2,2,2
5_2,2.279,2701,1,2,2,2,2
5_2,2.070,2699,1,2,2,2,2
5_2,0.924,2670,0,2,2,2,1
5_2,1.699,2668,1,2,2,2,2
5_2,5.212,2673,1,2,2,2,2
5_2,3.514,2672,1,2,2,2,1
5_2,0.179,2664,0,2,2,2,2
5_2,2.632,2662,1,2,2,2,2
5_2,1.207,2667,1,2,2,2,2
5_2,0.317,2665,0,2,2,2,2
5_2,0.865,2680,1,2,2,2,1
5_2,0.291,2679,0,2,2,2,2
5_2,0.270,2683,0,2,2,2,2
5_2,5.164,2682,1,2,2,2,2
5_2,0.561,2675,0,2,2,2,2
5_2,0.646,2674,0,2,2,2,2
5_2,2.768,2678,1,2,2,2,2
5_2,0.241,2676,1,2,2,2,2
5_2,1.107,2649,1,2,2,2,2
5_2,4.270,2647,0,2,2,2,2
5_2,0.866,2652,1,2,2,2,2
5_2,1.022,2650,1,2,2,2,2
5_2,0.418,2643,1,2,2,2,2
5_2,0.550,2642,1,2,2,2,2
5_2,1.568,2646,1,2,2,2,2
5_2,4.834,2645,1,2,2,2,2
5_2,2.975,2659,1,2,2,2,2
5_2,4.127,2657,1,2,2,2,2
5_2,3.797,2661,1,2,2,2,2
5_2,2.340,2660,0,2,2,2,2
5_2,0.206,2654,1,2,2,2,2
5_2,1.650,2653,1,2,2,2,2
5_2,1.288,2656,1,2,2,2,2
5_2,2.967,2655,1,2,2,2,2
5_2,0.765,2627,1,2,2,2,2
5_2,1.984,2624,1,2,2,2,2
5_2,0.953,2629,0,2,2,2,2
5_2,0.282,2628,1,2,2,2,2
5_2,1.542,2621,1,2,2,2,2
5_2,0.783,2619,0,2,2,2,2
5_2,0.764,2623,1,2,2,2,2
5_2,0.272,2622,1,2,2,2,2
5_2,0.545,2639,0,2,2,2,2
5_2,2.318,2638,1,2,2,2,2
5_2,3.451,2641,1,2,2,2,2
5_2,1.868,2640,1,2,2,2,2
5_2,2.264,2633,1,2,2,2,2
5_2,0.286,2632,0,2,2,2,2
5_2,0.489,2637,1,2,2,2,2
5_2,1.111,2634,0,2,2,2,2
4_3,11.357,1706,1,2,2,3,2
4_3,13.127,1715,1,2,2,3,2
4_3,12.490,1711,1,2,2,3,2
4_3,11.000,1701,1,2,2,3,2
4_2,6.626,1696,1,2,2,3,2
5_1,9.082,1735,1,2,2,3,2
5_1,18.484,1750,1,2,2,3,2
4_3,9.507,1725,1,2,2,3,2
4_3,6.041,1717,1,2,2,3,2
5_1,7.872,1728,1,2,2,3,2
4_1,5.205,1655,1,2,2,3,2
4_1,5.783,1661,1,2,2,3,2
4_1,5.870,1658,1,2,2,3,2
4_1,7.583,1640,1,2,2,3,2
4_1,8.116,1686,1,2,2,3,2
4_1,5.331,1682,1,2,2,3,2
4_2,5.262,1690,1,2,2,3,2
4_1,5.315,1688,1,2,2,3,2
4_1,10.242,1664,1,2,2,3,2
4_1,24.097,1675,1,2,2,3,2
4_1,6.547,1673,1,2,2,3,2
4_1,6.902,1607,1,2,2,3,2
4_1,8.995,1601,1,2,2,3,2
4_1,8.650,1609,1,2,2,3,2
4_1,22.917,1592,1,2,2,3,2
4_1,8.578,1628,1,2,2,3,2
4_1,7.668,1632,1,2,2,3,2
4_1,25.957,1630,1,2,2,3,2
4_1,6.813,1622,1,2,2,3,2
4_1,5.848,1617,1,2,2,3,2
4_1,5.202,1625,1,2,2,3,2
4_1,6.426,1554,1,2,2,3,2
4_1,9.671,1547,1,2,2,3,2
4_1,5.766,1536,1,2,2,3,2
4_1,7.335,1544,1,2,2,3,2
4_1,10.268,1541,1,2,2,3,2
4_1,5.171,1567,1,2,2,3,2
4_1,7.072,1557,1,2,2,3,2
4_1,8.528,1558,1,2,2,3,2
5_2,4.175,1490,1,2,2,3,2
5_2,5.669,1488,1,2,2,3,2
5_2,9.495,1494,1,2,2,3,2
5_2,6.586,1493,1,2,2,3,2
5_2,10.766,1485,1,2,2,3,2
5_2,5.709,1479,1,2,2,3,2
5_2,13.184,1487,1,2,2,3,2
5_3,14.834,1519,1,2,2,3,2
5_3,4.638,1522,1,2,2,3,2
5_2,13.976,1499,1,2,2,3,2
5_2,11.495,1495,1,2,2,3,2
5_3,8.649,1503,1,2,2,3,2
5_2,8.912,1446,1,2,2,3,2
5_2,7.584,1451,1,2,2,3,2
5_2,11.796,1440,1,2,2,3,2
5_2,4.288,1433,1,2,2,3,2
5_2,6.691,1445,1,2,2,3,2
5_2,7.425,1470,1,2,2,3,2
5_2,10.217,1454,1,2,2,3,2
5_2,9.897,1462,1,2,2,3,2
5_1,8.819,1405,0,2,2,3,2
5_1,14.209,1404,1,2,2,3,2
5_1,9.258,1409,1,2,2,3,2
5_1,10.079,1395,1,2,2,3,2
5_1,7.479,1398,1,2,2,3,2
5_1,7.446,1397,1,2,2,3,2
5_2,4.908,1423,1,2,2,3,2
5_2,6.855,1429,1,2,2,3,2
5_2,4.615,1418,1,2,2,3,2
5_2,9.926,1417,1,2,2,3,2
5_2,11.487,1419,1,2,2,3,2
5_1,13.635,1347,1,2,2,3,2
5_1,4.638,1371,1,2,2,3,2
5_1,9.493,1357,1,2,2,3,2
5_1,4.499,1338,1,2,2,3,2
5_1,11.576,1336,1,2,2,3,2
5_1,9.817,1340,1,2,2,3,2
5_1,11.738,1382,1,2,2,3,2
5_1,6.876,1380,1,2,2,3,2
5_1,7.835,1378,1,2,2,3,2
5_1,5.789,1314,1,2,2,3,2
5_1,7.121,1315,0,2,2,3,2
4_2,11.388,1293,1,2,2,3,2
4_2,10.432,1292,1,2,2,3,2
4_2,14.274,1297,1,2,2,3,2
5_1,7.862,1326,1,2,2,3,2
5_1,5.455,1322,0,2,2,3,2
5_1,11.253,1333,1,2,2,3,2
5_1,9.753,1319,1,2,2,3,2
5_1,3.134,1317,1,2,2,3,2
5_1,14.382,1321,1,2,2,3,2
5_1,6.004,1320,1,2,2,3,2
4_2,5.622,1258,1,2,2,3,2
4_2,6.648,1253,1,2,2,3,2
4_2,4.172,1259,1,2,2,3,2
4_1,8.632,1232,1,2,2,3,2
4_1,13.611,1237,1,2,2,3,2
4_2,5.844,1286,1,2,2,3,2
4_2,5.755,1285,1,2,2,3,2
4_2,14.300,1269,1,2,2,3,2
4_2,3.944,1280,1,2,2,3,2
4_1,12.936,1195,1,2,2,3,2
4_1,9.482,1193,1,2,2,3,2
4_1,6.626,1196,1,2,2,3,2
4_1,7.052,1189,1,2,2,3,2
4_1,3.345,1183,1,2,2,3,2
4_1,8.117,1192,1,2,2,3,2
4_1,8.986,1228,1,2,2,3,2
4_1,7.404,1223,1,2,2,3,2
4_1,10.127,1207,1,2,2,3,2
4_1,11.812,1222,1,2,2,3,2
4_1,10.849,1216,1,2,2,3,2
4_1,8.253,1145,1,2,2,3,2
4_1,8.974,1131,0,2,2,3,2
4_1,14.004,1136,1,2,2,3,2
4_1,9.450,1134,1,2,2,3,2
4_1,3.319,1177,1,2,2,3,2
4_1,9.855,1174,1,2,2,3,2
4_1,11.182,1182,1,2,2,3,2
4_1,4.705,1180,1,2,2,3,2
4_1,5.186,1151,1,2,2,3,2
2_1,14.267,1090,1,2,2,3,2
4_1,9.340,1101,1,2,2,3,2
5_3,4.157,1077,1,2,2,3,2
5_3,4.616,1080,1,2,2,3,2
4_1,14.583,1129,1,2,2,3,2
4_1,13.934,1126,1,2,2,3,2
4_1,5.790,1103,1,2,2,3,2
4_1,5.596,1102,1,2,2,3,2
4_1,5.912,1110,1,2,2,3,2
4_1,10.454,1106,1,2,2,3,2
4_1,4.430,1014,1,2,2,3,2
4_1,4.132,1011,1,2,2,3,2
4_2,4.035,1025,1,2,2,3,2
4_1,4.198,1002,1,2,2,3,2
4_1,4.197,997,1,2,2,3,2
4_1,4.889,1003,1,2,2,3,2
5_1,4.953,1053,1,2,2,3,2
5_3,4.416,1068,1,2,2,3,2
5_1,4.189,1055,1,2,2,3,2
4_3,4.295,1030,1,2,2,3,2
4_3,4.611,1027,1,2,2,3,2
5_1,4.383,1042,1,2,2,3,2
2_1,8.480,977,1,2,2,3,2
5_3,7.178,975,1,2,2,3,2
4_1,4.274,983,1,2,2,3,2
4_1,4.298,980,1,2,2,3,2
5_3,8.523,971,1,2,2,3,2
5_3,3.913,970,1,2,2,3,2
4_1,4.262,989,1,2,2,3,2
4_1,4.935,986,1,2,2,3,2
4_1,4.912,985,1,2,2,3,2
4_1,4.317,988,1,2,2,3,2
4_1,8.155,987,1,2,2,3,2
5_3,5.064,912,1,2,2,3,2
5_3,4.985,925,1,2,2,3,2
5_3,2.132,923,1,2,2,3,2
5_3,6.134,905,1,2,2,3,2
5_3,8.165,898,1,2,2,3,2
5_3,7.176,909,1,2,2,3,2
5_3,8.180,908,1,2,2,3,2
5_3,5.235,961,1,2,2,3,2
5_3,10.036,964,1,2,2,3,2
5_3,9.920,932,1,2,2,3,2
5_3,13.625,929,1,2,2,3,2
5_3,16.684,946,1,2,2,3,2
5_2,1.734,801,1,2,2,3,2
5_2,3.901,798,1,2,2,3,2
5_2,2.515,804,1,2,2,3,2
5_2,9.653,779,1,2,2,3,2
5_2,6.399,778,1,2,2,3,2
5_2,5.288,794,1,2,2,3,2
5_2,3.122,879,1,2,2,3,2
5_2,2.041,874,1,2,2,3,2
5_3,22.611,893,1,2,2,3,2
5_2,4.948,887,1,2,2,3,2
5_2,2.067,818,1,2,2,3,2
5_2,10.983,813,1,2,2,3,2
5_2,1.965,744,1,2,2,3,2
5_2,2.254,733,1,2,2,3,2
5_2,2.533,740,1,2,2,3,2
5_2,4.043,765,1,2,2,3,2
5_2,9.875,773,0,2,2,3,2
5_2,6.509,760,1,2,2,3,2
5_2,4.668,764,1,2,2,3,2
5_1,3.600,692,1,2,2,3,2
5_1,5.429,701,1,2,2,3,2
5_1,8.257,698,1,2,2,3,2
5_1,5.507,686,1,2,2,3,2
5_1,5.548,689,1,2,2,3,2
5_2,5.636,724,1,2,2,3,2
5_2,4.382,728,1,2,2,3,2
5_2,4.053,726,1,2,2,3,2
5_1,2.562,708,1,2,2,3,2
5_1,5.555,707,1,2,2,3,2
5_1,8.034,714,1,2,2,3,2
5_1,6.268,710,1,2,2,3,2
5_1,4.901,643,1,2,2,3,2
5_1,8.297,644,1,2,2,3,2
5_1,4.614,629,1,2,2,3,2
5_1,3.846,626,1,2,2,3,2
5_1,10.873,669,1,2,2,3,2
5_1,5.043,675,1,2,2,3,2
5_1,3.728,646,1,2,2,3,2
5_1,2.964,662,1,2,2,3,2
5_1,9.683,652,1,2,2,3,2
5_1,7.917,597,1,2,2,3,2
5_1,12.509,596,1,2,2,3,2
5_1,5.085,603,1,2,2,3,2
5_1,1.333,583,1,2,2,3,2
5_1,4.013,591,1,2,2,3,2
5_1,4.116,619,1,2,2,3,2
5_1,3.763,624,1,2,2,3,2
5_1,3.109,607,1,2,2,3,2
5_1,7.076,551,1,2,2,3,2
5_1,10.430,547,1,2,2,3,2
5_1,11.023,555,1,2,2,3,2
5_1,4.886,552,1,2,2,3,2
5_1,9.179,542,1,2,2,3,2
4_3,12.816,514,1,2,2,3,2
5_1,3.370,544,1,2,2,3,2
5_1,14.786,578,1,2,2,3,2
5_1,3.681,575,1,2,2,3,2
5_1,9.255,563,1,2,2,3,2
5_1,4.547,557,1,2,2,3,2
5_1,6.916,565,0,2,2,3,2
5_1,5.608,564,1,2,2,3,2
4_2,8.668,483,1,2,2,3,2
4_2,4.126,488,1,2,2,3,2
4_2,4.352,449,1,2,2,3,2
4_3,11.362,501,1,2,2,3,2
4_3,18.302,505,1,2,2,3,2
4_3,7.947,493,1,2,2,3,2
4_3,10.495,500,1,2,2,3,2
4_2,6.145,412,1,2,2,3,2
4_2,1.741,423,1,2,2,3,2
4_2,5.004,418,1,2,2,3,2
4_2,4.109,402,1,2,2,3,2
4_2,5.853,400,1,2,2,3,2
4_2,2.809,406,1,2,2,3,2
4_2,3.862,404,1,2,2,3,2
4_2,3.359,440,1,2,2,3,2
4_2,4.999,438,1,2,2,3,2
4_2,3.858,445,1,2,2,3,2
4_2,7.104,427,1,2,2,3,2
4_2,2.150,435,1,2,2,3,2
4_2,11.004,433,1,2,2,3,2
4_1,4.534,371,1,2,2,3,2
4_1,2.621,370,1,2,2,3,2
4_1,2.586,372,1,2,2,3,2
4_1,5.495,362,1,2,2,3,2
4_1,1.963,361,1,2,2,3,2
4_1,1.137,369,1,2,2,3,2
4_2,5.005,391,1,2,2,3,2
4_2,8.681,396,1,2,2,3,2
4_2,4.095,389,1,2,2,3,2
4_1,9.166,311,1,2,2,3,2
4_1,9.501,307,1,2,2,3,2
4_1,7.747,312,1,2,2,3,2
4_1,2.154,304,1,2,2,3,2
4_1,5.549,302,1,2,2,3,2
4_1,6.148,306,1,2,2,3,2
4_1,7.744,345,1,2,2,3,2
4_1,9.211,357,1,2,2,3,2
4_1,2.091,330,1,2,2,3,2
4_1,4.415,321,1,2,2,3,2
4_1,1.663,243,1,2,2,3,2
4_1,1.971,253,1,2,2,3,2
4_1,2.231,247,1,2,2,3,2
4_1,5.302,222,1,2,2,3,2
4_1,5.580,232,1,2,2,3,2
4_1,3.552,292,1,2,2,3,2
4_1,8.630,299,1,2,2,3,2
4_1,2.843,269,1,2,2,3,2
4_1,5.895,274,1,2,2,3,2
4_1,7.509,199,1,2,2,3,2
4_1,6.699,202,1,2,2,3,2
4_1,9.771,193,1,2,2,3,2
4_1,6.861,190,1,2,2,3,2
4_1,4.445,216,1,2,2,3,2
4_1,6.143,211,1,2,2,3,2
4_1,5.835,221,1,2,2,3,2
4_1,4.781,208,1,2,2,3,2
4_1,7.030,142,1,2,2,3,2
4_1,5.329,154,1,2,2,3,2
4_1,8.261,153,1,2,2,3,2
4_1,3.777,138,1,2,2,3,2
4_1,5.348,132,1,2,2,3,2
4_1,9.138,140,1,2,2,3,2
4_1,1.640,139,1,2,2,3,2
4_1,5.072,183,1,2,2,3,2
4_1,9.375,178,1,2,2,3,2
4_1,2.105,161,1,2,2,3,2
4_1,6.067,175,1,2,2,3,2
4_1,2.272,162,1,2,2,3,2
4_1,2.384,106,1,2,2,3,2
4_1,8.730,103,1,2,2,3,2
4_1,5.854,111,1,2,2,3,2
4_1,6.156,87,1,2,2,3,2
4_1,6.027,86,1,2,2,3,2
4_1,2.899,96,1,2,2,3,2
4_1,3.397,88,1,2,2,3,2
4_1,1.166,127,1,2,2,3,2
4_1,7.454,124,1,2,2,3,2
4_1,7.963,115,1,2,2,3,2
4_1,4.980,112,1,2,2,3,2
4_1,3.812,119,1,2,2,3,2
4_1,3.802,117,0,2,2,3,2
4_1,5.441,58,1,2,2,3,2
4_1,5.461,56,1,2,2,3,2
4_1,2.695,60,1,2,2,3,2
4_1,9.515,48,1,2,2,3,2
4_1,9.054,41,1,2,2,3,2
4_1,6.117,55,1,2,2,3,2
4_1,5.535,49,1,2,2,3,2
4_1,4.205,75,1,2,2,3,2
4_1,10.322,74,1,2,2,3,2
4_1,3.667,83,1,2,2,3,2
4_1,8.230,76,1,2,2,3,2
4_1,12.193,67,1,2,2,3,2
4_1,1.640,62,1,2,2,3,2
4_1,3.815,70,1,2,2,3,2
4_1,5.507,69,1,2,2,3,2
2_1,1.120,9,1,2,2,3,2
2_1,11.796,17,1,2,2,3,2
2_1,2.283,16,1,2,2,3,2
2_1,8.981,7,1,2,2,3,2
2_1,3.915,30,1,2,2,3,2
2_2,3.361,34,1,2,2,3,2
2_1,3.492,26,1,2,2,3,2
2_1,4.148,25,1,2,2,3,2
2_3,14.297,1,1,2,2,2,2
5_1,5.518,2812,1,2,2,2,1
2_1,3.397,3,1,2,2,2,2
2_1,4.740,2,1,2,2,2,2
5_2,3.513,2651,1,2,2,2,1
5_2,4.100,2635,1,1,1,1,1
5_3,3.347,2788,1,2,2,2,1
5_2,0.496,2778,1,1,1,1,1
2_1,8.099,14,1,2,2,2,2
2_1,1.821,13,1,2,2,2,2
2_1,4.015,18,1,2,2,2,2
2_1,2.902,15,1,2,2,2,2
2_1,9.158,8,1,2,2,2,2
2_1,4.637,4,1,2,2,2,2
2_1,2.365,12,0,2,2,2,2
2_1,2.033,11,1,2,2,2,2
5_1,0.575,2168,1,1,1,1,1
5_1,0.785,2167,1,1,1,1,1
5_2,2.194,2199,1,1,1,1,1
5_2,0.964,2189,1,2,2,2,1
5_1,0.838,2154,1,1,1,1,1
4_1,1.932,2070,1,1,1,1,1
5_1,0.490,2162,1,2,2,2,1
5_1,0.660,2160,0,1,1,1,1
4_2,6.318,2433,1,2,2,2,1
4_2,1.183,2385,1,2,2,2,1
5_1,8.588,2600,1,2,2,2,1
5_1,3.735,2598,1,2,2,2,1
5_2,0.306,2203,0,1,1,1,1
5_2,0.409,2202,1,1,1,1,1
4_2,5.484,2379,1,1,1,1,1
4_1,4.199,2227,1,1,1,1,1
5_3,11.369,1833,1,2,2,2,1
5_3,5.010,1829,0,1,1,1,1
5_3,22.094,1839,1,1,1,1,1
5_3,17.694,1838,1,2,2,2,1
5_2,5.804,1790,1,1,1,1,1
5_2,6.885,1789,1,1,1,1,1
5_3,6.878,1816,1,1,1,1,1
5_3,5.720,1815,1,2,2,2,1
5_3,7.856,1847,1,1,1,1,1
5_3,6.961,1846,1,1,1,1,1
4_1,1.234,2056,0,1,1,1,1
4_1,1.529,2055,1,2,2,2,1
5_3,18.589,1843,1,1,1,1,1
5_3,10.738,1840,1,1,1,1,1
5_3,5.803,1845,1,2,2,2,1
5_3,12.159,1844,1,1,1,1,1
4_1,5.324,1659,1,1,1,1,1
4_1,10.519,1657,1,1,1,1,1
4_1,5.973,1677,1,1,1,1,1
4_1,24.635,1666,1,2,2,2,1
4_1,8.132,1631,1,2,2,2,1
4_1,7.827,1597,0,1,1,1,1
4_1,7.666,1656,1,2,2,2,1
4_1,5.744,1642,1,1,1,1,1
5_1,5.342,1762,1,1,1,1,1
5_1,8.457,1752,1,2,2,2,1
5_1,17.091,1764,1,1,1,1,1
5_1,5.605,1763,1,1,1,1,1
4_2,6.757,1695,1,1,1,1,1
4_2,5.092,1692,1,2,2,2,1
4_3,7.989,1721,1,2,2,2,1
4_3,16.244,1720,1,2,2,2,1
5_1,12.662,1384,1,2,2,2,1
5_1,8.631,1364,1,2,2,2,1
5_1,13.447,1414,1,2,2,2,1
5_1,11.334,1401,1,1,1,1,1
5_1,12.020,1330,1,2,2,2,1
5_1,8.148,1325,1,2,2,2,1
5_1,14.452,1361,1,2,2,2,1
5_1,4.582,1353,1,2,2,2,1
5_3,5.416,1520,1,2,2,2,1
5_2,5.106,1498,1,2,2,2,1
4_1,6.051,1596,1,1,1,1,1
4_1,6.929,1574,1,1,1,1,1
5_2,3.297,1441,1,2,2,2,1
5_2,6.696,1438,1,2,2,2,1
5_2,12.919,1463,1,2,2,2,1
5_2,12.912,1453,1,2,2,2,1
5_3,4.661,1074,1,1,1,1,1
5_2,4.277,1062,1,1,1,1,1
4_1,8.669,1115,1,2,2,2,1
5_3,4.494,1075,1,2,2,2,1
5_1,4.925,1045,1,1,1,1,1
4_3,8.068,1035,1,2,2,2,1
5_2,4.527,1061,1,1,1,1,1
5_2,4.598,1059,1,1,1,1,1
4_2,13.496,1274,1,1,1,1,1
4_2,13.012,1256,1,2,2,2,1
4_3,9.816,1307,1,2,2,2,1
4_2,7.284,1277,1,2,2,2,1
4_1,6.354,1187,1,2,2,2,1
4_1,6.433,1160,1,2,2,2,1
4_2,11.792,1254,1,2,2,2,1
4_1,5.867,1229,1,1,1,1,1
5_3,12.560,950,1,1,1,1,1
5_3,16.230,949,1,2,2,2,1
5_3,13.268,953,1,1,1,1,1
5_3,8.432,951,1,1,1,1,1
5_3,4.171,940,1,1,1,1,1
5_3,17.110,939,1,1,1,1,1
5_3,10.721,948,1,2,2,2,1
5_3,3.706,947,1,1,1,1,1
4_1,4.495,1018,1,1,1,1,1
4_1,4.537,1013,1,2,2,2,1
4_3,4.314,1034,1,2,2,2,1
4_2,4.527,1026,1,1,1,1,1
5_3,5.529,955,1,1,1,1,1
5_3,9.833,954,1,2,2,2,1
4_1,4.069,1007,1,2,2,2,1
4_1,4.382,1006,1,1,1,1,1
5_2,5.992,848,1,1,1,1,1
5_2,1.295,847,1,1,1,1,1
5_2,6.382,851,1,1,1,1,1
5_2,3.919,850,1,1,1,1,1
5_2,5.533,844,1,1,1,1,1
5_2,2.925,840,1,1,1,1,1
5_2,4.479,846,1,1,1,1,1
5_2,3.924,845,1,2,2,2,1
5_3,17.845,914,1,2,2,2,1
5_2,4.987,856,0,1,1,1,1
5_3,11.431,938,1,1,1,1,1
5_3,7.262,916,1,2,2,2,1
5_2,4.453,853,1,1,1,1,1
5_2,7.595,852,1,1,1,1,1
5_2,4.671,855,1,1,1,1,1
5_2,2.120,854,1,1,1,1,1
5_2,2.646,811,1,2,2,2,1
5_2,5.491,810,1,1,1,1,1
5_2,2.748,823,1,1,1,1,1
5_2,2.635,822,1,2,2,2,1
5_2,6.211,807,1,1,1,1,1
5_2,6.745,806,1,1,1,1,1
5_2,5.587,809,1,1,1,1,1
5_2,7.125,808,1,1,1,1,1
5_2,4.380,837,1,2,2,2,1
5_2,3.473,835,1,2,2,2,1
5_2,2.953,839,1,1,1,1,1
5_2,8.258,838,1,1,1,1,1
5_2,5.587,828,1,2,2,2,1
5_2,1.764,827,1,2,2,2,1
5_2,4.090,834,1,1,1,1,1
5_2,4.259,830,1,2,2,2,1
5_1,11.494,711,1,2,2,2,1
5_1,6.536,660,1,2,2,2,1
5_2,4.215,746,1,1,1,1,1
5_1,7.399,712,1,1,1,1,1
5_1,2.529,655,1,2,2,2,1
5_1,6.386,642,1,1,1,1,1
5_1,3.171,659,1,2,2,2,1
5_1,4.971,658,1,1,1,1,1
5_2,6.656,770,1,1,1,1,1
5_2,6.199,759,1,2,2,2,1
5_2,3.869,805,1,1,1,1,1
5_2,5.002,771,1,2,2,2,1
5_2,5.001,748,1,2,2,2,1
5_2,4.542,747,1,1,1,1,1
5_2,1.984,756,1,1,1,1,1
5_2,4.659,754,1,2,2,2,1
4_2,2.048,475,0,2,2,2,1
4_2,9.727,474,1,2,2,2,1
4_3,15.269,524,1,2,2,2,1
4_3,6.582,512,1,2,2,2,1
4_2,9.031,469,1,1,1,1,1
4_2,5.267,467,1,2,2,2,1
4_2,10.200,472,0,2,2,2,1
4_2,4.761,471,1,2,2,2,1
5_1,9.109,639,1,1,1,1,1
5_1,5.325,638,1,1,1,1,1
5_1,7.484,641,1,1,1,1,1
5_1,3.301,640,1,1,1,1,1
4_3,11.221,526,1,2,2,2,1
4_3,15.557,525,1,2,2,2,1
5_1,3.801,637,1,1,1,1,1
5_1,6.520,587,1,1,1,1,1
4_1,6.356,322,1,1,1,1,1
4_1,2.571,272,1,2,2,2,1
4_1,5.986,336,1,2,2,2,1
4_1,1.763,323,1,1,1,1,1
4_1,5.963,266,1,2,2,2,1
4_1,5.211,265,1,2,2,2,1
4_1,5.742,271,1,2,2,2,1
4_1,6.263,270,1,2,2,2,1
4_1,3.867,356,1,1,1,1,1
4_1,11.768,355,1,2,2,2,1
4_2,9.067,465,1,2,2,2,1
4_2,3.508,443,1,2,2,2,1
4_1,4.006,340,1,1,1,1,1
4_1,1.363,338,1,1,1,1,1
4_1,7.884,343,1,2,2,2,1
4_1,5.953,341,1,2,2,2,1
4_1,5.342,169,1,1,1,1,1
4_1,5.133,168,1,1,1,1,1
4_1,6.161,171,1,1,1,1,1
4_1,5.614,170,1,1,1,1,1
4_1,4.363,134,1,1,1,1,1
4_1,3.590,167,1,1,1,1,1
4_1,7.074,166,1,1,1,1,1
4_1,1.576,261,1,2,2,2,1
4_1,7.125,257,1,2,2,2,1
4_1,6.619,263,1,2,2,2,1
4_1,9.364,262,1,1,1,1,1
4_1,5.219,248,1,2,2,2,1
4_1,9.690,192,1,2,2,2,1
4_1,10.215,255,1,1,1,1,1
4_1,4.877,254,1,1,1,1,1
5_3,0.525,2783,0,2,2,3,2
5_2,5.026,2781,1,2,2,3,2
5_2,1.093,2764,1,2,2,3,2
5_2,1.575,2761,1,2,2,3,2
5_2,3.805,2772,1,2,2,3,2
5_2,0.855,2765,1,2,2,3,2
5_3,1.092,2802,1,2,2,3,2
5_3,2.733,2805,1,2,2,3,2
5_3,1.023,2791,0,2,2,3,2
5_3,2.020,2796,1,2,2,3,2
5_2,2.054,2737,1,2,2,3,2
5_2,1.269,2738,1,2,2,3,2
5_2,3.026,2731,1,2,2,3,2
5_2,0.893,2734,1,2,2,3,2
5_2,3.441,2732,1,2,2,3,2
5_2,2.723,2758,1,2,2,3,2
5_2,0.924,2755,1,2,2,3,2
5_2,0.103,2746,0,2,2,3,2
5_2,3.672,2744,1,2,2,3,2
5_2,4.231,2749,1,2,2,3,2
5_2,2.804,2747,1,2,2,3,2
5_2,2.220,2692,1,2,2,3,2
5_2,0.258,2690,0,2,2,3,2
5_2,0.524,2700,1,2,2,3,2
5_2,3.210,2694,1,2,2,3,2
5_2,1.951,2681,1,2,2,3,2
5_2,2.632,2677,1,2,2,3,2
5_2,3.378,2687,1,2,2,3,2
5_2,2.209,2685,1,2,2,3,2
5_2,5.017,2719,1,2,2,3,2
5_2,0.746,2723,1,2,2,3,2
5_2,0.587,2706,0,2,2,3,2
5_2,1.189,2705,1,2,2,3,2
5_2,9.353,2710,1,2,2,3,2
5_2,1.046,2707,1,2,2,3,2
5_2,2.781,2626,1,2,2,3,2
5_2,3.501,2625,1,2,2,3,2
5_2,4.063,2631,1,2,2,3,2
5_2,4.046,2630,1,2,2,3,2
5_2,1.434,2620,1,2,2,3,2
5_2,0.388,2618,0,2,2,3,2
5_2,2.786,2666,0,2,2,3,2
5_2,3.167,2663,1,2,2,3,2
5_2,0.215,2671,1,2,2,3,2
5_2,0.243,2669,1,2,2,3,2
5_2,2.780,2636,1,2,2,3,2
5_2,4.606,2658,1,2,2,3,2
5_2,4.863,2648,1,2,2,3,2
5_1,0.252,2581,0,2,2,3,2
5_1,2.172,2564,1,2,2,3,2
5_1,8.448,2559,1,2,2,3,2
5_1,1.288,2573,1,2,2,3,2
5_1,1.500,2570,1,2,2,3,2
4_2,0.979,2527,0,2,2,3,2
4_2,1.770,2524,1,2,2,3,2
4_2,1.454,2530,1,2,2,3,2
4_2,1.106,2503,1,2,2,3,2
4_2,3.772,2522,1,2,2,3,2
4_2,5.953,2519,1,2,2,3,2
4_3,1.843,2545,1,2,2,3,2
4_3,3.851,2544,1,2,2,3,2
4_2,7.701,2533,1,2,2,3,2
4_2,0.893,2542,1,2,2,3,2
4_2,1.923,2536,1,2,2,3,2
4_2,0.179,2467,1,2,2,3,2
4_2,0.115,2479,1,2,2,3,2
4_2,0.356,2475,0,2,2,3,2
4_2,1.181,2451,1,2,2,3,2
4_2,0.748,2448,1,2,2,3,2
4_2,2.670,2457,0,2,2,3,2
4_2,2.915,2494,1,2,2,3,2
4_2,3.804,2499,1,2,2,3,2
4_2,4.375,2498,1,2,2,3,2
4_2,1.056,2486,1,2,2,3,2
4_2,0.316,2483,1,2,2,3,2
4_2,5.384,2492,1,2,2,3,2
4_2,1.686,2426,0,2,2,3,2
4_2,0.324,2410,1,2,2,3,2
4_2,3.621,2405,1,2,2,3,2
4_2,8.761,2414,1,2,2,3,2
4_2,5.125,2442,1,2,2,3,2
4_2,0.288,2430,1,2,2,3,2
4_2,1.326,2429,1,2,2,3,2
4_2,1.152,2436,1,2,2,3,2
4_2,0.398,2434,0,2,2,3,2
4_1,5.543,2357,1,2,2,3,2
4_1,0.747,2373,1,2,2,3,2
4_1,1.972,2370,0,2,2,3,2
4_1,2.016,2350,1,2,2,3,2
4_1,1.225,2347,1,2,2,3,2
4_1,1.649,2355,1,2,2,3,2
4_2,0.339,2391,1,2,2,3,2
4_2,0.342,2399,0,2,2,3,2
4_2,2.778,2378,1,2,2,3,2
4_2,0.511,2374,0,2,2,3,2
4_2,0.169,2386,0,2,2,3,2
4_2,0.977,2380,0,2,2,3,2
4_1,5.892,2304,1,2,2,3,2
4_1,2.258,2302,1,2,2,3,2
4_1,2.281,2307,1,2,2,3,2
4_1,6.736,2306,1,2,2,3,2
4_1,2.598,2339,1,2,2,3,2
4_1,6.377,2337,1,2,2,3,2
4_1,0.382,2346,0,2,2,3,2
4_1,5.697,2343,1,2,2,3,2
4_1,3.779,2332,1,2,2,3,2
4_1,4.568,2334,1,2,2,3,2
2_2,0.807,2265,1,2,2,3,2
4_1,4.255,2272,1,2,2,3,2
2_2,1.898,2257,1,2,2,3,2
2_2,2.928,2254,1,2,2,3,2
4_1,1.084,2291,1,2,2,3,2
4_1,0.326,2285,0,2,2,3,2
4_1,1.311,2295,0,2,2,3,2
4_1,1.727,2292,1,2,2,3,2
4_1,2.781,2280,1,2,2,3,2
4_1,5.075,2281,1,2,2,3,2
4_1,4.197,2228,1,2,2,3,2
5_3,1.313,2224,1,2,2,3,2
5_1,4.122,2233,1,2,2,3,2
4_3,4.609,2230,1,2,2,3,2
5_3,0.962,2216,1,2,2,3,2
5_3,2.338,2215,1,2,2,3,2
5_3,0.707,2217,1,2,2,3,2
2_1,2.783,2247,1,2,2,3,2
2_1,0.308,2246,0,2,2,3,2
2_2,4.512,2253,1,2,2,3,2
2_2,0.858,2251,0,2,2,3,2
2_1,2.709,2237,1,2,2,3,2
2_1,11.766,2244,1,2,2,3,2
2_1,2.655,2238,1,2,2,3,2
5_1,1.908,2179,1,2,2,3,2
5_1,0.174,2176,0,2,2,3,2
5_1,0.098,2183,0,2,2,3,2
5_1,0.150,2182,0,2,2,3,2
5_1,1.710,2166,1,2,2,3,2
5_1,0.962,2164,0,2,2,3,2
5_1,1.206,2169,1,2,2,3,2
5_3,1.598,2212,1,2,2,3,2
5_2,0.998,2196,1,2,2,3,2
5_2,0.240,2192,1,2,2,3,2
5_2,0.172,2206,1,2,2,3,2
5_1,3.042,2131,1,2,2,3,2
5_1,3.166,2129,0,2,2,3,2
5_1,1.118,2136,1,2,2,3,2
5_1,1.921,2135,1,2,2,3,2
4_3,2.710,2122,1,2,2,3,2
4_3,0.200,2120,0,2,2,3,2
4_3,0.723,2125,0,2,2,3,2
5_1,2.917,2150,1,2,2,3,2
5_1,1.992,2159,1,2,2,3,2
5_1,3.611,2155,1,2,2,3,2
5_1,2.820,2138,0,2,2,3,2
5_1,0.358,2137,1,2,2,3,2
5_1,1.957,2142,1,2,2,3,2
4_1,2.104,2068,1,2,2,3,2
4_1,1.219,2067,1,2,2,3,2
4_1,0.705,2076,1,2,2,3,2
4_1,0.595,2074,1,2,2,3,2
4_1,0.125,2062,0,2,2,3,2
4_1,2.090,2061,1,2,2,3,2
4_1,1.064,2066,1,2,2,3,2
4_1,1.981,2064,1,2,2,3,2
4_2,0.336,2105,1,2,2,3,2
4_2,0.376,2102,1,2,2,3,2
4_2,0.087,2107,1,2,2,3,2
4_2,0.856,2099,1,2,2,3,2
4_2,0.643,2097,1,2,2,3,2
4_1,0.570,2025,1,2,2,3,2
4_1,2.589,2015,1,2,2,3,2
4_1,0.688,2014,0,2,2,3,2
4_1,1.795,2020,1,2,2,3,2
4_1,1.173,2019,1,2,2,3,2
4_1,1.201,2050,1,2,2,3,2
4_1,0.336,2049,1,2,2,3,2
4_1,0.761,2060,1,2,2,3,2
4_1,0.858,2057,1,2,2,3,2
4_1,0.775,2038,0,2,2,3,2
4_1,0.231,2045,1,2,2,3,2
5_3,13.363,1863,1,2,2,3,2
5_3,9.421,1861,1,2,2,3,2
5_3,5.972,1866,0,2,2,3,2
2_1,1.620,2006,1,2,2,3,2
4_1,0.432,2012,1,2,2,3,2
5_3,5.789,1873,1,2,2,3,2
2_1,0.226,2004,1,2,2,3,2
2_1,0.621,2003,1,2,2,3,2
5_3,6.267,1818,1,2,2,3,2
5_3,6.305,1814,1,2,2,3,2
5_3,5.389,1826,1,2,2,3,2
5_3,8.393,1807,1,2,2,3,2
5_3,6.693,1802,1,2,2,3,2
5_3,11.633,1808,1,2,2,3,2
5_3,11.800,1855,1,2,2,3,2
5_3,6.131,1859,1,2,2,3,2
5_3,11.591,1836,1,2,2,3,2
5_3,6.217,1828,1,2,2,3,2
5_3,7.255,1853,1,2,2,3,2
5_3,5.888,1849,1,2,2,3,2
5_1,5.168,1766,1,2,2,3,2
5_1,5.156,1765,1,2,2,3,2
5_1,8.145,1771,1,2,2,3,2
5_1,6.804,1753,0,2,2,3,2
5_1,6.996,1756,0,2,2,3,2
5_3,6.581,1794,1,2,2,3,2
5_3,5.437,1792,1,2,2,3,2
5_3,20.924,1795,1,2,2,3,2
5_2,5.613,1787,1,2,2,3,2
5_1,5.726,1781,1,2,2,3,2
5_2,3.793,842,1,2,2,2,1
5_2,2.776,841,1,2,2,2,1
5_2,4.021,849,1,2,2,2,1
5_2,2.047,843,1,2,2,2,1
5_2,4.578,832,1,2,2,2,1
5_2,2.283,831,1,2,2,2,1
5_2,2.350,836,0,2,2,2,2
5_2,5.140,833,0,2,2,2,1
5_2,3.257,862,1,2,2,2,2
5_2,6.518,861,1,2,2,2,2
5_2,4.881,864,1,2,2,2,2
5_2,5.367,863,1,2,2,2,2
5_2,4.048,858,1,2,2,2,2
5_2,3.347,857,1,2,2,2,2
5_2,4.997,860,1,2,2,2,2
5_2,8.390,859,1,2,2,2,2
5_2,3.753,814,1,2,2,2,2
5_2,3.359,812,1,2,2,2,2
5_2,2.842,816,1,2,2,2,2
5_2,5.661,815,1,2,2,2,2
5_2,10.082,799,1,2,2,2,2
5_2,1.542,797,1,2,2,2,2
5_2,1.838,802,1,2,2,2,2
5_2,10.396,800,1,2,2,2,2
5_2,5.042,825,1,2,2,2,1
5_2,3.963,824,1,2,2,2,1
5_2,2.913,829,1,2,2,2,1
5_2,4.116,826,0,2,2,2,2
5_2,6.910,819,1,2,2,2,1
5_2,9.508,817,1,2,2,2,2
5_2,5.007,821,1,2,2,2,2
5_2,3.900,820,1,2,2,2,2
5_2,6.243,784,1,2,2,2,2
5_2,4.816,783,1,2,2,2,2
5_2,2.955,786,1,2,2,2,2
5_2,1.875,785,1,2,2,2,2
5_2,8.530,780,1,2,2,2,2
5_2,9.356,777,1,2,2,2,2
5_2,5.492,782,1,2,2,2,2
5_2,9.310,781,1,2,2,2,2
5_2,6.712,793,1,2,2,2,2
5_2,4.469,792,1,2,2,2,2
5_2,2.078,796,1,2,2,2,2
5_2,2.017,795,1,2,2,2,2
5_2,8.990,788,1,2,2,2,2
5_2,8.935,787,1,2,2,2,2
5_2,9.250,790,1,2,2,2,2
5_2,3.527,789,1,2,2,2,2
5_2,5.189,751,1,2,2,2,1
5_2,7.344,749,1,2,2,2,2
5_2,4.535,758,1,2,2,2,1
5_2,5.196,757,1,2,2,2,2
5_2,3.291,741,1,2,2,2,2
5_2,7.059,739,1,2,2,2,2
5_2,3.044,745,1,2,2,2,1
5_2,2.186,743,1,2,2,2,2
5_2,4.358,772,1,2,2,2,1
5_2,6.018,769,1,2,2,2,2
5_2,4.447,775,1,2,2,2,2
5_2,4.123,774,1,2,2,2,2
5_2,13.284,763,1,2,2,2,2
5_2,8.413,762,1,2,2,2,2
5_2,4.360,767,1,2,2,2,2
5_2,8.813,766,1,2,2,2,2
5_2,5.962,723,1,2,2,2,2
5_2,7.833,722,1,2,2,2,2
5_2,7.869,727,1,2,2,2,2
5_2,4.057,725,1,2,2,2,2
5_2,13.045,719,1,2,2,2,2
5_2,5.471,717,1,2,2,2,2
5_2,5.423,721,1,2,2,2,2
5_2,3.114,720,1,2,2,2,1
5_2,5.359,736,1,2,2,2,2
5_2,7.225,735,1,2,2,2,1
5_2,4.536,738,1,2,2,2,2
5_2,1.503,737,1,2,2,2,2
5_2,6.767,731,1,2,2,2,2
5_2,3.568,730,1,2,2,2,2
5_2,4.059,734,1,2,2,2,2
5_2,8.171,732,1,2,2,2,2
5_1,12.957,699,1,2,2,2,2
5_1,4.379,696,1,2,2,2,2
5_1,3.970,702,1,2,2,2,2
5_1,5.691,700,1,2,2,2,2
5_1,4.456,693,1,2,2,2,2
5_1,6.038,691,1,2,2,2,2
5_1,3.074,695,1,2,2,2,2
5_1,4.408,694,1,2,2,2,2
5_1,5.871,713,0,2,2,2,1
5_1,7.609,709,1,2,2,2,2
5_1,2.681,716,0,2,2,2,2
5_1,9.694,715,1,2,2,2,1
5_1,2.821,704,1,2,2,2,2
5_1,4.472,703,1,2,2,2,2
5_1,4.011,706,1,2,2,2,2
5_1,8.370,705,1,2,2,2,2
5_1,3.262,674,1,2,2,2,2
5_1,4.920,673,1,2,2,2,2
5_1,8.206,677,1,2,2,2,2
5_1,5.063,676,1,2,2,2,2
5_1,2.706,668,1,2,2,2,1
5_1,5.075,667,1,2,2,2,2
5_1,1.750,672,1,2,2,2,2
5_1,6.324,671,1,2,2,2,2
5_1,11.025,683,1,2,2,2,2
5_1,4.452,682,1,2,2,2,2
5_1,11.016,688,1,2,2,2,2
5_1,2.028,687,1,2,2,2,2
5_1,5.012,679,1,2,2,2,2
5_1,8.874,678,1,2,2,2,1
5_1,6.164,681,1,2,2,2,2
5_1,7.443,680,1,2,2,2,2
5_1,5.884,650,1,2,2,2,2
5_1,4.110,649,1,2,2,2,2
5_1,4.946,653,1,2,2,2,2
5_1,4.887,651,1,2,2,2,2
5_1,8.415,633,1,2,2,2,2
5_1,2.321,632,1,2,2,2,2
5_1,2.411,647,1,2,2,2,2
5_1,5.753,634,1,2,2,2,2
5_1,5.842,664,1,2,2,2,2
5_1,6.523,663,1,2,2,2,2
5_1,7.217,666,1,2,2,2,1
5_1,4.624,665,1,2,2,2,2
5_1,3.301,656,1,2,2,2,2
5_1,4.569,654,1,2,2,2,1
5_1,6.403,661,1,2,2,2,1
5_1,2.963,657,1,2,2,2,1
5_1,2.381,612,1,2,2,2,2
5_1,9.067,611,1,2,2,2,2
5_1,3.254,617,1,2,2,2,2
5_1,13.576,613,1,2,2,2,2
5_1,1.849,606,1,2,2,2,2
5_1,4.558,605,1,2,2,2,2
5_1,5.606,610,1,2,2,2,2
5_1,6.130,609,1,2,2,2,2
5_1,5.428,627,1,2,2,2,2
5_1,5.087,625,1,2,2,2,2
5_1,6.720,631,1,2,2,2,2
5_1,1.931,628,0,2,2,2,2
5_1,2.429,620,1,2,2,2,2
5_1,2.418,618,1,2,2,2,2
5_1,10.785,623,1,2,2,2,2
5_1,6.398,622,1,2,2,2,2
5_1,8.030,586,1,2,2,2,2
5_1,2.493,585,1,2,2,2,2
5_1,6.938,590,1,2,2,2,2
5_1,1.803,589,1,2,2,2,2
5_1,5.968,581,1,2,2,2,1
5_1,3.423,580,1,2,2,2,2
5_1,3.796,584,1,2,2,2,2
5_1,3.014,582,1,2,2,2,1
5_1,13.821,600,1,2,2,2,2
5_1,11.493,599,1,2,2,2,2
5_1,9.848,604,1,2,2,2,2
5_1,8.511,601,1,2,2,2,2
5_1,6.844,593,1,2,2,2,2
5_1,10.755,592,1,2,2,2,2
5_1,4.425,598,1,2,2,2,2
5_1,5.932,594,1,2,2,2,2
5_1,4.039,562,1,2,2,2,2
5_1,13.832,561,1,2,2,2,2
5_1,3.339,567,1,2,2,2,2
5_1,7.207,566,1,2,2,2,2
5_1,4.456,558,1,2,2,2,2
5_1,13.947,556,1,2,2,2,2
5_1,7.140,560,1,2,2,2,2
5_1,10.222,559,1,2,2,2,2
5_1,5.687,576,1,2,2,2,2
5_1,7.003,574,1,2,2,2,2
5_1,8.941,579,1,2,2,2,2
5_1,8.372,577,1,2,2,2,1
5_1,8.301,570,1,2,2,2,2
5_1,7.439,568,1,2,2,2,2
5_1,5.423,573,1,2,2,2,2
5_1,3.773,572,1,2,2,2,2
5_1,6.906,538,1,2,2,2,2
5_1,5.328,537,1,2,2,2,2
5_1,3.769,540,1,2,2,2,2
5_1,8.163,539,1,2,2,2,2
5_1,4.525,534,1,2,2,2,2
5_1,3.125,533,1,2,2,2,2
5_1,3.022,536,1,2,2,2,2
5_1,2.028,535,1,2,2,2,2
5_1,6.789,550,1,2,2,2,2
5_1,12.990,549,1,2,2,2,2
5_1,9.995,554,1,2,2,2,2
5_1,4.535,553,1,2,2,2,2
5_1,6.254,543,1,2,2,2,2
5_1,9.484,541,1,2,2,2,2
5_1,14.653,548,1,2,2,2,2
5_1,7.779,546,1,2,2,2,2
4_3,12.000,519,1,2,2,2,2
4_3,15.377,518,1,2,2,2,2
4_3,12.386,521,1,2,2,2,2
4_3,4.807,520,1,2,2,2,1
4_3,8.215,515,1,2,2,2,2
4_3,17.481,513,1,2,2,2,2
4_3,22.419,517,1,2,2,2,2
4_3,8.907,516,1,2,2,2,2
4_3,10.435,530,1,2,2,2,2
4_3,11.835,529,1,2,2,2,1
5_1,4.183,532,1,2,2,2,2
4_3,5.957,531,1,2,2,2,2
4_3,17.177,523,1,2,2,2,1
4_3,9.802,522,1,2,2,2,1
4_3,3.109,528,1,2,2,2,2
4_3,6.851,527,1,2,2,2,2
4_3,7.417,496,1,2,2,2,2
4_3,6.905,494,1,2,2,2,2
4_3,5.095,498,1,2,2,2,2
4_3,13.506,497,1,2,2,2,2
4_2,5.614,490,1,2,2,2,2
4_2,4.523,486,1,2,2,2,2
4_3,6.478,492,1,2,2,2,2
4_2,1.876,491,1,2,2,2,2
4_3,5.494,508,1,2,2,2,2
4_3,17.966,507,1,2,2,2,2
4_3,10.001,511,1,2,2,2,2
4_3,17.190,510,1,2,2,2,2
4_3,6.674,502,1,2,2,2,2
4_3,11.828,499,1,2,2,2,2
4_3,9.627,506,1,2,2,2,2
4_3,5.023,503,1,2,2,2,2
4_2,6.215,466,1,2,2,2,1
4_2,3.457,464,1,2,2,2,1
4_2,5.449,473,1,2,2,2,2
4_2,6.040,468,0,2,2,2,1
4_2,5.006,461,0,2,2,2,1
4_2,5.191,459,0,2,2,2,1
4_2,3.413,463,1,2,2,2,2
4_2,1.831,462,1,2,2,2,2
4_2,2.381,482,1,2,2,2,2
4_2,2.978,481,1,2,2,2,2
4_2,0.920,485,1,2,2,2,2
4_2,10.021,484,1,2,2,2,2
4_2,1.236,477,1,2,2,2,1
4_2,7.686,476,1,2,2,2,1
4_2,2.578,480,1,2,2,2,2
4_2,4.293,479,1,2,2,2,2
4_2,2.876,444,1,2,2,2,1
4_2,8.082,442,1,2,2,2,1
4_2,8.468,448,1,2,2,2,2
4_2,5.428,447,1,2,2,2,1
4_2,2.629,437,1,2,2,2,2
4_2,10.632,436,1,2,2,2,2
4_2,3.568,441,1,2,2,2,2
4_2,1.003,439,1,2,2,2,2
4_2,7.207,456,1,2,2,2,1
4_2,4.731,455,0,2,2,2,1
4_2,2.965,458,1,2,2,2,2
4_2,1.832,457,1,2,2,2,1
4_2,6.573,451,1,2,2,2,2
4_2,4.094,450,1,2,2,2,2
4_2,3.690,454,1,2,2,2,2
4_2,6.451,453,1,2,2,2,2
4_2,1.914,420,0,2,2,2,2
4_2,7.504,419,1,2,2,2,2
4_2,2.220,422,1,2,2,2,2
4_2,2.735,421,1,2,2,2,2
4_2,9.465,414,1,2,2,2,2
4_2,10.026,413,1,2,2,2,2
4_2,4.811,417,1,2,2,2,2
4_2,8.127,415,1,2,2,2,2
4_2,3.712,431,1,2,2,2,2
4_2,5.118,430,1,2,2,2,2
4_2,5.199,434,1,2,2,2,2
4_2,7.812,432,1,2,2,2,2
4_2,6.835,426,1,2,2,2,2
4_2,2.785,424,1,2,2,2,2
4_2,4.175,429,1,2,2,2,2
4_2,8.828,428,1,2,2,2,2
4_2,4.760,397,1,2,2,2,2
4_2,11.548,395,1,2,2,2,2
4_2,8.291,399,1,2,2,2,2
4_2,9.230,398,1,2,2,2,2
4_2,9.320,388,1,2,2,2,2
4_2,11.884,387,1,2,2,2,2
4_2,12.499,394,1,2,2,2,2
4_2,6.235,390,1,2,2,2,2
4_2,6.799,409,1,2,2,2,2
4_2,3.211,408,1,2,2,2,2
4_2,5.374,411,1,2,2,2,2
4_2,7.390,410,1,2,2,2,2
4_2,1.621,403,0,2,2,2,2
4_2,4.574,401,1,2,2,2,2
4_2,4.184,407,1,2,2,2,2
4_2,10.214,405,1,2,2,2,2
4_1,4.502,368,1,2,2,2,2
4_1,1.478,366,1,2,2,2,2
4_1,5.448,376,1,2,2,2,2
4_1,6.597,373,1,2,2,2,2
4_1,10.130,363,1,2,2,2,2
4_1,5.637,360,1,2,2,2,2
4_1,6.212,365,1,2,2,2,2
4_1,2.008,364,1,2,2,2,2
4_2,4.579,384,1,2,2,2,2
4_2,11.442,382,1,2,2,2,2
4_2,1.431,386,1,2,2,2,2
4_2,9.252,385,1,2,2,2,2
4_1,3.483,378,1,2,2,2,2
4_1,4.650,377,1,2,2,2,2
4_2,3.506,381,1,2,2,2,2
4_1,3.288,379,1,2,2,2,2
4_1,5.658,344,1,2,2,2,1
4_1,0.966,342,1,2,2,2,1
4_1,6.043,347,1,2,2,2,2
4_1,4.651,346,1,2,2,2,2
4_1,2.148,335,1,2,2,2,1
4_1,6.753,334,1,2,2,2,1
4_1,6.526,339,1,2,2,2,1
4_1,7.502,337,1,2,2,2,1
4_1,6.677,354,1,2,2,2,1
4_1,5.247,353,1,2,2,2,2
4_1,4.008,359,1,2,2,2,1
4_1,6.779,358,1,2,2,2,1
4_1,4.851,350,1,2,2,2,2
4_1,5.142,348,1,2,2,2,2
4_1,2.829,352,1,2,2,2,2
4_1,5.798,351,1,2,2,2,2
4_1,3.197,318,1,2,2,2,2
4_1,6.354,316,1,2,2,2,2
4_1,7.119,320,1,2,2,2,2
4_1,4.560,319,1,2,2,2,2
4_1,6.492,309,1,2,2,2,2
4_1,7.110,308,1,2,2,2,2
4_1,5.093,314,1,2,2,2,2
4_1,3.204,310,1,2,2,2,2
4_1,1.580,329,1,2,2,2,2
4_1,10.898,328,1,2,2,2,2
4_1,10.736,332,1,2,2,2,2
4_1,3.839,331,1,2,2,2,2
4_1,8.111,325,1,2,2,2,2
4_1,7.831,324,1,2,2,2,2
4_1,2.567,327,1,2,2,2,2
4_1,6.699,326,1,2,2,2,2
4_1,5.560,289,1,2,2,2,2
4_1,7.762,288,1,2,2,2,2
4_1,2.988,291,1,2,2,2,2
4_1,6.060,290,1,2,2,2,2
4_1,4.945,285,1,2,2,2,2
4_1,7.742,284,1,2,2,2,2
4_1,8.540,287,1,2,2,2,2
4_1,3.539,286,1,2,2,2,2
4_1,5.356,300,1,2,2,2,2
4_1,3.166,298,1,2,2,2,2
4_1,0.885,303,1,2,2,2,2
4_1,7.947,301,1,2,2,2,2
4_1,2.388,294,1,2,2,2,2
4_1,2.741,293,1,2,2,2,2
4_1,5.034,296,1,2,2,2,2
4_1,1.783,295,1,2,2,2,2
4_1,6.550,260,1,2,2,2,1
4_1,4.294,259,1,2,2,2,2
4_1,4.665,268,1,2,2,2,2
4_1,3.412,264,1,2,2,2,1
4_1,7.740,252,1,2,2,2,2
4_1,1.935,251,1,2,2,2,2
4_1,1.734,258,1,2,2,2,1
4_1,3.890,256,1,2,2,2,1
4_1,5.987,281,1,2,2,2,2
4_1,4.408,280,1,2,2,2,2
4_1,3.735,283,1,2,2,2,2
4_1,7.040,282,1,2,2,2,2
4_1,4.361,276,1,2,2,2,2
4_1,4.658,273,1,2,2,2,2
4_1,4.308,279,0,2,2,2,2
4_1,4.970,277,1,2,2,2,2
4_1,3.293,236,1,2,2,2,2
4_1,7.405,235,1,2,2,2,2
4_1,6.743,238,1,2,2,2,2
4_1,9.291,237,1,2,2,2,2
4_1,2.593,230,1,2,2,2,1
4_1,5.448,229,1,2,2,2,2
4_1,5.380,234,1,2,2,2,1
4_1,6.960,231,1,2,2,2,2
4_1,6.578,246,1,2,2,2,2
4_1,5.026,245,1,2,2,2,2
4_1,6.425,250,0,2,2,2,1
4_1,2.790,249,1,2,2,2,2
4_1,8.801,241,1,2,2,2,2
4_1,4.168,240,1,2,2,2,2
4_1,4.948,244,1,2,2,2,1
4_1,7.046,242,1,2,2,2,2
4_1,4.188,213,1,2,2,2,2
4_1,6.110,212,1,2,2,2,2
4_1,5.025,215,1,2,2,2,2
4_1,2.286,214,1,2,2,2,2
4_1,3.180,204,1,2,2,2,2
4_1,3.531,203,1,2,2,2,2
4_1,3.200,209,1,2,2,2,2
4_1,4.525,205,1,2,2,2,2
4_1,6.569,226,1,2,2,2,2
4_1,6.502,225,1,2,2,2,2
4_1,4.787,228,1,2,2,2,2
4_1,1.987,227,0,2,2,2,2
4_1,5.604,218,1,2,2,2,2
4_1,7.063,217,1,2,2,2,2
4_1,8.990,224,0,2,2,2,2
4_1,4.095,219,0,2,2,2,2
4_1,10.253,182,1,2,2,2,2
4_1,4.219,181,1,2,2,2,2
4_1,6.698,185,1,2,2,2,2
4_1,3.560,184,1,2,2,2,2
4_1,10.075,174,1,2,2,2,2
4_1,5.811,173,1,2,2,2,2
4_1,1.652,180,1,2,2,2,2
4_1,4.637,179,1,2,2,2,2
4_1,3.780,197,1,2,2,2,2
4_1,8.777,196,1,2,2,2,2
4_1,9.588,201,1,2,2,2,1
4_1,9.470,198,1,2,2,2,2
4_1,7.541,189,1,2,2,2,2
4_1,4.706,187,1,2,2,2,2
4_1,4.343,194,1,2,2,2,2
4_1,8.208,191,1,2,2,2,2
4_1,4.392,150,1,2,2,2,2
4_1,5.353,149,1,2,2,2,2
4_1,8.769,155,1,2,2,2,2
4_1,8.430,151,1,2,2,2,2
4_1,8.934,146,1,2,2,2,2
4_1,5.656,145,1,2,2,2,2
4_1,5.418,148,1,2,2,2,2
4_1,2.723,147,1,2,2,2,2
4_1,6.858,164,1,2,2,2,1
4_1,4.448,163,1,2,2,2,2
4_1,1.993,172,1,2,2,2,2
4_1,5.579,165,1,2,2,2,1
4_1,8.674,157,1,2,2,2,2
4_1,9.374,156,1,2,2,2,2
4_1,2.806,160,1,2,2,2,2
4_1,4.304,158,1,2,2,2,2
4_1,6.327,128,1,2,2,2,2
4_1,5.488,126,1,2,2,2,2
4_1,4.490,130,1,2,2,2,2
4_1,4.291,129,1,2,2,2,2
4_1,7.152,120,1,2,2,2,2
4_1,10.415,118,0,2,2,2,2
4_1,3.105,125,1,2,2,2,2
4_1,6.359,122,1,2,2,2,2
4_1,6.344,141,1,2,2,2,2
4_1,3.720,137,1,2,2,2,2
4_1,3.083,144,0,2,2,2,2
4_1,5.750,143,1,2,2,2,2
4_1,6.422,133,1,2,2,2,2
4_1,5.383,131,1,2,2,2,2
4_1,8.735,136,1,2,2,2,2
4_1,5.570,135,1,2,2,2,2
4_1,9.233,100,1,2,2,2,2
4_1,4.065,99,1,2,2,2,2
4_1,10.633,102,1,2,2,2,2
4_1,3.956,101,1,2,2,2,2
4_1,3.754,95,1,2,2,2,2
4_1,3.621,94,1,2,2,2,2
4_1,9.633,98,1,2,2,2,2
4_1,6.459,97,1,2,2,2,2
4_1,7.140,113,1,2,2,2,2
4_1,6.051,110,1,2,2,2,2
4_1,2.327,116,1,2,2,2,2
4_1,7.084,114,1,2,2,2,2
4_1,4.097,105,1,2,2,2,2
4_1,7.007,104,1,2,2,2,2
4_1,12.800,108,1,2,2,2,2
4_1,3.432,107,1,2,2,2,2
4_1,7.506,79,1,2,2,2,2
4_1,7.454,78,1,2,2,2,2
4_1,1.742,81,1,2,2,2,2
4_1,1.637,80,1,2,2,2,2
4_1,1.643,72,1,2,2,2,2
4_1,8.232,71,1,2,2,2,2
4_1,7.773,77,1,2,2,2,2
4_1,4.817,73,1,2,2,2,2
4_1,2.810,91,1,2,2,2,2
4_1,6.988,90,1,2,2,2,2
4_1,5.868,93,1,2,2,2,2
4_1,6.573,92,1,2,2,2,2
4_1,5.448,84,1,2,2,2,2
4_1,4.448,82,1,2,2,2,2
4_1,4.802,89,1,2,2,2,2
4_1,5.923,85,1,2,2,2,2
4_1,10.670,51,1,2,2,2,2
4_1,6.756,50,1,2,2,2,2
4_1,6.006,53,1,2,2,2,2
4_1,11.731,52,1,2,2,2,2
4_1,4.286,45,1,2,2,2,2
4_1,6.100,44,1,2,2,2,2
4_1,5.712,47,1,2,2,2,2
4_1,7.701,46,1,2,2,2,2
4_1,6.884,65,1,2,2,2,2
4_1,8.473,64,1,2,2,2,2
4_1,7.367,68,1,2,2,2,2
4_1,6.337,66,1,2,2,2,2
4_1,3.381,57,1,2,2,2,2
4_1,5.143,54,1,2,2,2,2
4_1,8.579,63,1,2,2,2,2
4_1,5.455,59,1,2,2,2,2
2_1,4.476,29,1,2,2,2,2
2_1,4.325,27,1,2,2,2,2
2_1,9.064,32,1,2,2,2,2
2_1,6.416,31,1,2,2,2,2
2_1,5.785,21,1,2,2,2,2
2_1,4.121,19,1,2,2,2,2
2_1,10.346,24,1,2,2,2,2
2_1,1.396,22,1,2,2,2,2
4_1,5.462,40,1,2,2,2,2
2_2,1.665,38,1,2,2,2,2
4_1,2.474,43,1,2,2,2,2
4_1,8.547,42,1,2,2,2,2
2_2,7.168,35,1,2,2,2,2
2_2,7.485,33,1,2,2,2,2
2_2,4.984,37,1,2,2,2,2
2_2,9.965,36,1,2,2,2,2
4_1,5.231,1660,1,2,2,2,2
4_1,8.321,1653,1,2,2,2,2
4_1,6.729,1665,1,2,2,2,2
4_1,7.965,1662,1,2,2,2,2
4_1,6.664,1649,1,2,2,2,2
4_1,10.675,1648,1,2,2,2,2
4_1,6.680,1652,1,2,2,2,2
4_1,10.492,1651,1,2,2,2,2
4_1,8.690,1672,1,2,2,2,2
4_1,5.345,1671,1,2,2,2,2
4_1,11.333,1676,1,2,2,2,2
4_1,7.083,1674,0,2,2,2,2
4_1,5.948,1668,1,2,2,2,2
4_1,9.720,1667,1,2,2,2,2
4_1,13.396,1670,1,2,2,2,2
4_1,7.667,1669,1,2,2,2,2
4_1,9.068,1633,1,2,2,2,1
4_1,5.730,1627,1,2,2,2,2
4_1,5.241,1637,1,2,2,2,2
4_1,6.206,1636,1,2,2,2,2
4_1,5.419,1621,1,2,2,2,2
4_1,7.014,1620,1,2,2,2,2
4_1,10.241,1626,1,2,2,2,2
4_1,6.353,1624,0,2,2,2,2
4_1,7.219,1645,1,2,2,2,2
4_1,15.762,1644,1,2,2,2,2
4_1,10.506,1647,1,2,2,2,2
4_1,5.224,1646,1,2,2,2,2
4_1,9.872,1639,1,2,2,2,1
4_1,8.821,1638,1,2,2,2,2
4_1,8.073,1643,1,2,2,2,1
4_1,5.832,1641,1,2,2,2,1
4_1,13.345,1605,1,2,2,2,2
4_1,10.977,1604,1,2,2,2,2
4_1,8.076,1608,1,2,2,2,2
4_1,14.510,1606,1,2,2,2,2
4_1,41.095,1600,1,2,2,2,2
4_1,20.016,1599,1,2,2,2,2
4_1,8.125,1603,1,2,2,2,2
4_1,17.471,1602,1,2,2,2,2
4_1,5.018,1616,1,2,2,2,2
4_1,14.307,1614,1,2,2,2,2
4_1,8.524,1619,1,2,2,2,2
4_1,6.070,1618,1,2,2,2,2
4_1,6.517,1611,1,2,2,2,2
4_1,6.305,1610,1,2,2,2,2
4_1,8.979,1613,1,2,2,2,2
4_1,13.613,1612,1,2,2,2,2
4_1,8.719,1580,1,2,2,2,2
4_1,8.492,1579,1,2,2,2,2
4_1,7.983,1584,1,2,2,2,2
4_1,11.769,1583,1,2,2,2,2
4_1,6.275,1576,1,2,2,2,2
4_1,6.472,1575,1,2,2,2,2
4_1,5.730,1578,1,2,2,2,2
4_1,15.343,1577,1,2,2,2,2
4_1,5.808,1593,1,2,2,2,2
4_1,7.017,1591,1,2,2,2,2
4_1,5.270,1598,0,2,2,2,1
4_1,6.733,1595,1,2,2,2,1
4_1,13.364,1587,1,2,2,2,2
4_1,10.041,1586,1,2,2,2,2
4_1,6.723,1589,1,2,2,2,2
4_1,7.402,1588,1,2,2,2,2
4_1,9.798,1560,1,2,2,2,2
4_1,8.834,1559,1,2,2,2,2
4_1,10.425,1562,1,2,2,2,2
4_1,5.503,1561,1,2,2,2,2
4_1,6.853,1552,1,2,2,2,2
4_1,5.163,1551,1,2,2,2,2
4_1,42.013,1556,1,2,2,2,2
4_1,8.808,1553,1,2,2,2,2
4_1,11.216,1571,1,2,2,2,2
4_1,6.354,1570,1,2,2,2,2
4_1,10.640,1573,1,2,2,2,2
4_1,10.225,1572,1,2,2,2,2
4_1,5.447,1564,1,2,2,2,2
4_1,9.132,1563,1,2,2,2,2
4_1,5.694,1568,1,2,2,2,2
4_1,6.634,1566,1,2,2,2,2
2_2,6.952,1534,0,2,2,2,2
2_2,5.237,1533,1,2,2,2,2
4_1,5.124,1537,1,2,2,2,2
2_2,9.590,1535,1,2,2,2,2
2_1,5.899,1529,1,2,2,2,2
2_1,5.470,1528,1,2,2,2,2
2_1,6.812,1532,1,2,2,2,2
2_1,6.435,1531,1,2,2,2,2
4_1,8.837,1548,1,2,2,2,2
4_1,9.915,1543,1,2,2,2,2
4_1,7.142,1550,1,2,2,2,2
4_1,12.258,1549,1,2,2,2,2
4_1,25.525,1539,1,2,2,2,2
4_1,47.002,1538,1,2,2,2,2
4_1,7.086,1542,1,2,2,2,2
4_1,46.378,1540,1,2,2,2,2
5_3,13.184,1513,1,2,2,2,2
5_3,4.318,1512,1,2,2,2,2
5_3,3.280,1515,1,2,2,2,2
5_3,9.552,1514,1,2,2,2,2
5_3,6.026,1509,1,2,2,2,2
5_3,6.817,1508,1,2,2,2,2
5_3,8.921,1511,1,2,2,2,2
5_3,11.466,1510,1,2,2,2,2
2_1,5.204,1525,1,2,2,2,2
2_1,5.112,1524,1,2,2,2,2
2_1,7.972,1527,1,2,2,2,2
2_1,7.063,1526,1,2,2,2,2
5_3,4.844,1517,1,2,2,2,2
5_3,12.762,1516,1,2,2,2,2
5_3,13.435,1521,1,2,2,2,2
5_3,11.443,1518,1,2,2,2,2
5_2,10.953,1484,1,2,2,2,2
5_2,3.745,1483,1,2,2,2,2
5_2,3.835,1491,1,2,2,2,2
5_2,14.090,1489,1,2,2,2,2
5_2,3.025,1480,1,2,2,2,2
5_2,9.112,1478,1,2,2,2,2
5_2,7.638,1482,1,2,2,2,2
5_2,6.943,1481,1,2,2,2,1
5_3,5.520,1502,1,2,2,2,2
5_3,10.740,1501,1,2,2,2,2
5_3,10.747,1506,1,2,2,2,2
5_3,9.481,1504,1,2,2,2,2
5_2,10.255,1496,1,2,2,2,2
5_2,7.238,1492,1,2,2,2,2
5_3,4.042,1500,1,2,2,2,2
5_2,10.145,1497,1,2,2,2,2
5_2,10.983,1460,1,2,2,2,2
5_2,13.577,1459,1,2,2,2,2
5_2,7.486,1464,1,2,2,2,2
5_2,3.416,1461,1,2,2,2,2
5_2,7.555,1455,1,2,2,2,2
5_2,8.498,1452,1,2,2,2,2
5_2,11.255,1458,1,2,2,2,2
5_2,9.717,1457,1,2,2,2,2
5_2,6.544,1473,1,2,2,2,2
5_2,11.100,1472,1,2,2,2,2
5_2,9.166,1477,1,2,2,2,2
5_2,5.726,1475,1,2,2,2,2
5_2,9.435,1467,1,2,2,2,2
5_2,4.263,1466,1,2,2,2,2
5_2,12.055,1471,1,2,2,2,2
5_2,12.249,1469,1,2,2,2,2
5_2,11.712,1430,1,2,2,2,2
5_2,4.608,1427,1,2,2,2,2
5_2,8.354,1434,1,2,2,2,2
5_2,8.223,1431,1,2,2,2,2
5_2,10.105,1424,1,2,2,2,2
5_2,4.835,1422,1,2,2,2,2
5_2,8.664,1426,1,2,2,2,2
5_2,5.792,1425,1,2,2,2,2
5_2,5.966,1443,1,2,2,2,2
5_2,8.201,1442,1,2,2,2,2
5_2,8.753,1450,1,2,2,2,2
5_2,6.146,1447,1,2,2,2,2
5_2,4.514,1436,1,2,2,2,2
5_2,7.727,1435,1,2,2,2,2
5_2,9.842,1439,1,2,2,2,2
5_2,11.765,1437,1,2,2,2,2
5_1,7.923,1402,0,2,2,2,2
5_1,5.894,1400,1,2,2,2,2
5_1,10.749,1406,1,2,2,2,2
5_1,10.983,1403,1,2,2,2,2
5_1,5.467,1394,1,2,2,2,2
5_1,7.509,1393,1,2,2,2,2
5_1,10.654,1399,1,2,2,2,2
5_1,3.925,1396,1,2,2,2,2
5_2,7.573,1415,1,2,2,2,2
5_1,7.412,1413,1,2,2,2,2
5_2,4.810,1421,1,2,2,2,2
5_2,7.288,1416,1,2,2,2,2
5_1,6.863,1410,1,2,2,2,2
5_1,9.445,1408,1,2,2,2,2
5_1,4.642,1412,1,2,2,2,2
5_1,11.905,1411,1,2,2,2,2
5_1,11.607,1372,1,2,2,2,2
5_1,3.469,1370,1,2,2,2,2
5_1,9.770,1376,1,2,2,2,2
5_1,7.897,1375,1,2,2,2,2
5_1,13.695,1367,1,2,2,2,2
5_1,13.024,1366,1,2,2,2,2
5_1,9.719,1369,1,2,2,2,2
5_1,6.310,1368,1,2,2,2,2
5_1,4.104,1389,1,2,2,2,2
5_1,10.107,1386,1,2,2,2,2
5_1,7.051,1391,1,2,2,2,2
5_1,14.630,1390,1,2,2,2,2
5_1,12.661,1379,1,2,2,2,2
5_1,11.627,1377,1,2,2,2,2
5_1,12.326,1385,1,2,2,2,2
5_1,14.669,1381,1,2,2,2,1
5_1,11.743,1351,1,2,2,2,2
5_1,10.182,1350,1,2,2,2,2
5_1,9.817,1354,1,2,2,2,2
5_1,6.609,1352,1,2,2,2,2
5_1,14.849,1346,1,2,2,2,2
5_1,9.478,1345,1,2,2,2,2
5_1,7.348,1349,1,2,2,2,2
5_1,6.386,1348,1,2,2,2,2
5_1,9.409,1362,1,2,2,2,2
5_1,7.064,1360,1,2,2,2,2
5_1,3.632,1365,1,2,2,2,2
5_1,8.650,1363,1,2,2,2,2
5_1,7.226,1356,1,2,2,2,2
5_1,7.809,1355,1,2,2,2,2
5_1,3.473,1359,1,2,2,2,2
5_1,8.461,1358,1,2,2,2,2
5_1,6.839,1324,1,2,2,2,2
5_1,6.296,1323,1,2,2,2,2
5_1,11.436,1329,1,2,2,2,2
5_1,7.251,1328,1,2,2,2,2
5_1,5.602,1312,1,2,2,2,2
5_1,6.088,1311,1,2,2,2,2
5_1,9.306,1318,1,2,2,2,2
5_1,6.394,1313,1,2,2,2,2
5_1,13.790,1341,1,2,2,2,2
5_1,4.360,1337,1,2,2,2,2
5_1,10.793,1343,1,2,2,2,2
5_1,12.086,1342,1,2,2,2,2
5_1,9.892,1332,1,2,2,2,2
5_1,9.430,1331,1,2,2,2,1
5_1,9.022,1335,1,2,2,2,2
5_1,5.590,1334,1,2,2,2,2
4_2,9.161,1296,1,2,2,2,2
4_2,6.883,1295,1,2,2,2,2
4_3,11.544,1299,1,2,2,2,2
4_3,9.751,1298,1,2,2,2,2
4_2,11.051,1290,1,2,2,2,2
4_2,14.587,1289,1,2,2,2,2
4_2,11.238,1294,1,2,2,2,2
4_2,8.794,1291,1,2,2,2,2
4_3,8.265,1308,1,2,2,2,2
4_3,12.407,1304,1,2,2,2,2
5_1,4.631,1310,1,2,2,2,2
5_1,6.209,1309,0,2,2,2,2
4_3,14.385,1301,1,2,2,2,2
4_3,10.200,1300,1,2,2,2,2
4_3,4.127,1303,1,2,2,2,2
4_3,7.483,1302,1,2,2,2,1
4_2,6.729,1267,1,2,2,2,2
4_2,11.869,1266,1,2,2,2,2
4_2,9.042,1271,1,2,2,2,2
4_2,6.233,1270,1,2,2,2,2
4_2,9.190,1263,1,2,2,2,2
4_2,6.820,1262,1,2,2,2,2
4_2,3.498,1265,1,2,2,2,2
4_2,3.418,1264,1,2,2,2,2
4_2,11.814,1282,1,2,2,2,2
4_2,8.372,1281,1,2,2,2,2
4_2,6.696,1288,1,2,2,2,2
4_2,8.435,1287,1,2,2,2,2
4_2,11.092,1273,1,2,2,2,2
4_2,5.436,1272,1,2,2,2,2
4_2,12.922,1278,1,2,2,2,2
4_2,14.816,1275,1,2,2,2,1
4_2,4.690,1245,1,2,2,2,2
4_2,5.684,1244,1,2,2,2,2
4_2,6.372,1247,1,2,2,2,2
4_2,6.979,1246,1,2,2,2,2
4_2,12.118,1241,1,2,2,2,2
4_2,6.863,1240,1,2,2,2,2
4_2,13.435,1243,1,2,2,2,2
4_2,3.960,1242,1,2,2,2,2
4_2,8.754,1257,1,2,2,2,2
4_2,7.243,1255,1,2,2,2,2
4_2,8.321,1261,1,2,2,2,2
4_2,6.934,1260,1,2,2,2,2
4_2,7.825,1249,1,2,2,2,2
4_2,4.156,1248,1,2,2,2,2
4_2,12.639,1252,1,2,2,2,2
4_2,9.695,1250,1,2,2,2,2
4_1,14.884,1220,1,2,2,2,2
4_1,10.046,1219,1,2,2,2,2
4_1,4.911,1224,1,2,2,2,2
4_1,5.346,1221,1,2,2,2,1
4_1,9.047,1215,1,2,2,2,2
4_1,11.780,1214,1,2,2,2,2
4_1,3.891,1218,1,2,2,2,2
4_1,3.133,1217,1,2,2,2,2
4_1,7.971,1236,1,2,2,2,2
4_1,13.252,1235,1,2,2,2,2
4_2,4.117,1239,1,2,2,2,2
4_1,10.070,1238,1,2,2,2,2
4_1,8.015,1226,1,2,2,2,2
4_1,10.471,1225,1,2,2,2,2
4_1,13.754,1234,1,2,2,2,2
4_1,10.676,1227,1,2,2,2,2
4_1,7.518,1201,1,2,2,2,2
4_1,14.430,1199,1,2,2,2,2
4_1,11.713,1203,1,2,2,2,2
4_1,14.839,1202,1,2,2,2,2
4_1,6.812,1194,1,2,2,2,2
4_1,6.647,1190,1,2,2,2,2
4_1,14.001,1198,1,2,2,2,2
4_1,3.914,1197,1,2,2,2,2
4_1,12.182,1210,1,2,2,2,2
4_1,7.030,1209,1,2,2,2,1
4_1,5.564,1212,1,2,2,2,1
4_1,9.477,1211,1,2,2,2,2
4_1,4.581,1205,1,2,2,2,2
4_1,4.732,1204,1,2,2,2,2
4_1,10.756,1208,1,2,2,2,2
4_1,5.777,1206,1,2,2,2,2
4_1,9.572,1172,1,2,2,2,2
4_1,4.745,1171,0,2,2,2,2
4_1,3.421,1175,1,2,2,2,2
4_1,4.296,1173,1,2,2,2,2
4_1,2.698,1168,1,2,2,2,2
4_1,13.136,1166,1,2,2,2,2
4_1,3.102,1170,1,2,2,2,2
4_1,9.292,1169,1,2,2,2,2
4_1,8.420,1185,1,2,2,2,2
4_1,10.062,1184,1,2,2,2,2
4_1,4.148,1188,1,2,2,2,2
4_1,10.798,1186,1,2,2,2,1
4_1,8.602,1178,1,2,2,2,2
4_1,11.147,1176,1,2,2,2,2
4_1,8.112,1181,1,2,2,2,2
4_1,7.083,1179,1,2,2,2,2
4_1,7.655,1153,1,2,2,2,2
4_1,10.821,1152,1,2,2,2,2
4_1,4.659,1155,1,2,2,2,2
4_1,8.090,1154,1,2,2,2,2
4_1,8.068,1144,1,2,2,2,2
4_1,4.877,1143,1,2,2,2,2
4_1,14.266,1150,1,2,2,2,2
4_1,11.811,1148,1,2,2,2,2
4_1,12.224,1163,1,2,2,2,2
4_1,14.190,1162,1,2,2,2,1
4_1,6.948,1165,1,2,2,2,2
4_1,4.925,1164,1,2,2,2,2
4_1,7.502,1157,1,2,2,2,2
4_1,8.966,1156,1,2,2,2,2
4_1,7.218,1161,1,2,2,2,2
4_1,13.064,1159,1,2,2,2,2
4_1,3.958,1125,1,2,2,2,2
4_1,10.488,1124,1,2,2,2,2
4_1,4.458,1128,1,2,2,2,2
4_1,3.972,1127,1,2,2,2,2
4_1,13.301,1121,1,2,2,2,2
4_1,6.858,1120,1,2,2,2,2
4_1,7.375,1123,1,2,2,2,2
4_1,6.464,1122,1,2,2,2,2
4_1,10.529,1140,1,2,2,2,2
4_1,9.430,1138,1,2,2,2,2
4_1,5.669,1142,1,2,2,2,2
4_1,11.486,1141,1,2,2,2,2
4_1,8.435,1133,1,2,2,2,2
4_1,6.101,1132,1,2,2,2,2
4_1,3.674,1137,1,2,2,2,2
4_1,8.079,1135,1,2,2,2,2
4_1,13.443,1104,1,2,2,2,2
4_1,11.565,1100,1,2,2,2,2
4_1,10.800,1107,1,2,2,2,1
4_1,6.062,1105,1,2,2,2,2
2_2,10.117,1096,1,2,2,2,2
2_2,7.183,1095,1,2,2,2,2
4_1,7.456,1099,1,2,2,2,2
4_1,11.497,1098,1,2,2,2,1
4_1,5.453,1117,1,2,2,2,1
4_1,14.389,1116,1,2,2,2,2
4_1,9.392,1119,1,2,2,2,2
4_1,13.065,1118,1,2,2,2,2
4_1,5.786,1109,1,2,2,2,2
4_1,9.058,1108,1,2,2,2,2
4_1,10.813,1113,1,2,2,2,2
4_1,5.611,1112,1,2,2,2,2
5_3,4.165,1081,1,2,2,2,2
5_3,4.798,1078,1,2,2,2,2
5_3,4.609,1083,0,2,2,2,2
5_3,4.407,1082,1,2,2,2,2
5_3,4.285,1072,1,2,2,2,2
5_3,4.230,1071,1,2,2,2,2
5_3,4.341,1076,1,2,2,2,1
5_3,4.270,1073,0,2,2,2,1
